#VRML V2.0 utf8
# 3D model generated by easyeda2kicad.py (https://github.com/uPesy/easyeda2kicad.py)

Shape{
    appearance Appearance {
        material  Material 	{
            diffuseColor 0.25098039215686274 0.25098039215686274 0.25098039215686274
            specularColor 0.12549019607843137 0.12549019607843137 0.12549019607843137
            ambientIntensity 0.251
            transparency 0.0
            shininess 0.5
        }
    }
    geometry IndexedFaceSet {
        ccw TRUE
        solid FALSE
        coord DEF co Coordinate {
            point [
                -0.1292 0.0 0.0039, -0.1243 0.0108 0.0039, -0.122 0.0073 0.0039, -0.0869 0.0 0.0039, -0.0658 0.0 0.0039, -0.0619 -0.0002 0.0039, -0.0658 0.0394 0.0039, -0.272 0.0866 0.0039, -0.3858 0.0866 0.0039, -0.3858 0.4843 0.0039, -0.0859 0.035 0.0039, -0.0711 0.035 0.0039, -0.0711 0.0221 0.0039, -0.1188 0.0042 0.0039, -0.1147 0.0018 0.0039, -0.1102 0.0004 0.0039, -0.0946 0.0394 0.0039, -0.085 0.0221 0.0039, -0.085 0.0178 0.0039, -0.0711 0.0178 0.0039, -0.0711 0.0043 0.0039, -0.0869 0.0043 0.0039, -0.0946 0.0 0.0039, -0.1053 0.0 0.0039, -0.0859 0.0394 0.0039, -0.272 -0.0002 0.0039, -0.1493 0.0394 0.0039, -0.1647 0.0 0.0039, -0.1589 0.0 0.0039, -0.1114 0.0388 0.0039, -0.116 0.0371 0.0039, -0.144 0.0394 0.0039, -0.1203 0.0343 0.0039, -0.1203 0.0342 0.0039, -0.1231 0.0311 0.0039, -0.1249 0.0278 0.0039, -0.1057 0.0394 0.0039, -0.1549 0.011 0.0039, -0.1387 0.011 0.0039, -0.1349 0.0 0.0039, -0.126 0.0239 0.0039, -0.1263 0.0202 0.0039, -0.1257 0.0149 0.0039, -0.272 -0.2835 0.0039, -0.0619 -0.4843 0.0039, -0.3858 -0.2835 0.0039, -0.3858 -0.4843 0.0039, 0.3858 -0.2835 0.0039, 0.3858 -0.4843 0.0039, 0.272 -0.2835 0.0039, -0.0489 0.0355 0.0039, -0.045 0.0351 0.0039, -0.0574 0.006 0.0039, -0.0619 0.4843 0.0039, -0.0581 0.0064 0.0039, -0.0581 0.002 0.0039, -0.0539 0.0003 0.0039, -0.0499 -0.0002 0.0039, -0.0483 -0.0005 0.0039, -0.0473 -0.0005 0.0039, 0.272 -0.0002 0.0039, 0.3858 0.4843 0.0039, 0.3858 0.0866 0.0039, 0.272 0.0866 0.0039, -0.0053 0.0 0.0039, -0.0449 -0.0002 0.0039, -0.0254 0.0 0.0039, -0.0424 0.0 0.0039, -0.0386 0.0013 0.0039, -0.0421 0.034 0.0039, -0.0393 0.0322 0.0039, -0.0369 0.0296 0.0039, -0.0341 0.0193 0.0039, -0.0345 0.015 0.0039, -0.0356 0.0116 0.0039, -0.0443 0.0043 0.0039, -0.048 0.0038 0.0039, -0.0414 0.0053 0.0039, -0.039 0.0069 0.0039, -0.0372 0.0089 0.0039, -0.0532 0.0044 0.0039, -0.0537 0.0349 0.0039, -0.0581 0.033 0.0039, -0.0581 0.0383 0.0039, -0.0353 0.0265 0.0039, -0.0343 0.0223 0.0039, -0.0309 0.029 0.0039, -0.0332 0.0327 0.0039, -0.0106 0.0394 0.0039, -0.0053 0.0394 0.0039, -0.0354 0.0034 0.0039, -0.0325 0.0065 0.0039, -0.0254 0.0043 0.0039, -0.0304 0.0102 0.0039, -0.0106 0.0043 0.0039, -0.0367 0.0361 0.0039, -0.0405 0.0383 0.0039, -0.0449 0.0395 0.0039, -0.0292 0.0144 0.0039, -0.0288 0.0189 0.0039, -0.0294 0.0245 0.0039, -0.0488 0.0399 0.0039, -0.0535 0.0395 0.0039, -0.5039 0.5118 0.0236, 0.5039 0.5118 0.0236, -0.3937 0.4921 0.0236, 0.3937 0.4921 0.0236, -0.4627 0.4568 0.0236, -0.4635 0.4587 0.0236, -0.4647 0.2681 0.0236, -0.4635 0.2697 0.0236, -0.4109 0.0883 0.0236, -0.409 0.0875 0.0236, -0.4647 0.4603 0.0236, -0.4664 0.4615 0.0236, -0.4683 0.4623 0.0236, -0.4703 0.4626 0.0236, -0.2965 -0.1591 0.0236, -0.2949 -0.1578 0.0236, -0.2799 -0.2756 0.0236, -0.2936 -0.1562 0.0236, -0.4122 -0.4626 0.0236, -0.4101 -0.4623 0.0236, -0.3937 -0.4921 0.0236, -0.5039 -0.5118 0.0236, 0.3937 -0.4921 0.0236, -0.5118 0.4626 0.0236, -0.5118 0.5039 0.0236, -0.3575 -0.2647 0.0236, -0.3559 -0.2634 0.0236, -0.3547 -0.2618 0.0236, -0.5118 -0.5039 0.0236, -0.5118 -0.4626 0.0236, -0.4082 -0.4615 0.0236, -0.4066 -0.4603 0.0236, -0.4053 -0.4587 0.0236, -0.3937 -0.2756 0.0236, -0.3615 -0.2657 0.0236, -0.3594 -0.2655 0.0236, -0.2928 -0.1543 0.0236, -0.2926 -0.1522 0.0236, -0.2799 0.0787 0.0236, -0.2926 0.061 0.0236, -0.2928 0.063 0.0236, -0.404 0.0728 0.0236, -0.4048 0.0747 0.0236, -0.3937 0.0787 0.0236, -0.405 0.0767 0.0236, -0.405 0.0807 0.0236, -0.4053 0.0827 0.0236, -0.4061 0.0846 0.0236, -0.4074 0.0863 0.0236, -0.5325 0.2287 0.0236, -0.5257 0.2322 0.0236, -0.4129 0.0886 0.0236, -0.4683 0.266 0.0236, -0.4664 0.2668 0.0236, -0.4627 0.2716 0.0236, -0.4624 0.2736 0.0236, -0.4624 0.4547 0.0236, -0.4003 -0.2668 0.0236, -0.3984 -0.266 0.0236, -0.3964 -0.2657 0.0236, -0.2936 0.0649 0.0236, -0.2949 0.0665 0.0236, -0.2965 0.0678 0.0236, 0.4053 -0.4587 0.0236, 0.4066 -0.4603 0.0236, 0.4082 -0.4615 0.0236, 0.4101 -0.4623 0.0236, 0.2949 -0.1578 0.0236, 0.2965 -0.1591 0.0236, 0.2799 -0.2756 0.0236, -0.3457 -0.1601 0.0236, -0.3004 -0.1601 0.0236, -0.2984 -0.1599 0.0236, -0.506 -0.5115 0.0236, -0.4046 -0.4568 0.0236, -0.4043 -0.4547 0.0236, -0.4043 -0.2736 0.0236, -0.404 -0.2716 0.0236, 0.3536 -0.2579 0.0236, 0.3539 -0.2599 0.0236, 0.5118 0.5039 0.0236, 0.5118 0.4626 0.0236, 0.4703 0.4626 0.0236, 0.4635 0.4587 0.0236, 0.4647 0.4603 0.0236, 0.4664 0.4615 0.0236, 0.4627 0.2716 0.0236, 0.4635 0.2697 0.0236, 0.3937 0.0787 0.0236, -0.5906 0.0886 0.0236, -0.5906 0.1855 0.0236, -0.5115 0.506 0.0236, -0.5108 0.5079 0.0236, -0.5095 0.5095 0.0236, -0.5079 0.5108 0.0236, -0.506 0.5115 0.0236, -0.3992 0.0691 0.0236, -0.4011 0.0699 0.0236, -0.4027 0.0711 0.0236, -0.5079 -0.5108 0.0236, -0.5095 -0.5095 0.0236, -0.4032 -0.2697 0.0236, -0.402 -0.2681 0.0236, 0.4032 -0.2697 0.0236, 0.404 -0.2716 0.0236, 0.3937 -0.2756 0.0236, 0.4043 -0.2736 0.0236, 0.4043 -0.4547 0.0236, 0.4046 -0.4568 0.0236, 0.3547 -0.2618 0.0236, 0.3559 -0.2634 0.0236, 0.3575 -0.2647 0.0236, -0.5199 0.2372 0.0236, -0.5155 0.2435 0.0236, -0.5127 0.2507 0.0236, -0.4703 0.2657 0.0236, -0.5118 0.2583 0.0236, -0.5118 0.2657 0.0236, -0.2984 0.0686 0.0236, -0.3004 0.0688 0.0236, -0.3972 0.0688 0.0236, -0.5108 -0.5079 0.0236, -0.5115 -0.506 0.0236, 0.4122 -0.4626 0.0236, 0.5118 -0.4626 0.0236, 0.5118 -0.5039 0.0236, 0.5115 -0.506 0.0236, 0.5039 -0.5118 0.0236, 0.2799 0.0787 0.0236, 0.2984 0.0686 0.0236, 0.2965 0.0678 0.0236, 0.2949 0.0665 0.0236, 0.2936 0.0649 0.0236, 0.2928 0.063 0.0236, 0.3594 -0.2655 0.0236, 0.3615 -0.2657 0.0236, 0.3964 -0.2657 0.0236, 0.3984 -0.266 0.0236, -0.3533 -0.166 0.0236, -0.3525 -0.1641 0.0236, 0.2936 -0.1562 0.0236, 0.4003 -0.2668 0.0236, 0.402 -0.2681 0.0236, -0.5825 0.2066 0.0236, -0.5767 0.2116 0.0236, -0.5698 0.2151 0.0236, -0.3539 -0.2599 0.0236, -0.3536 -0.2579 0.0236, -0.3536 -0.168 0.0236, 0.5108 -0.5079 0.0236, 0.5095 -0.5095 0.0236, 0.5079 0.5108 0.0236, 0.5095 0.5095 0.0236, -0.5896 0.1931 0.0236, -0.5869 0.2003 0.0236, -0.3513 -0.1624 0.0236, -0.3497 -0.1612 0.0236, -0.3478 -0.1604 0.0236, 0.5079 -0.5108 0.0236, 0.506 -0.5115 0.0236, 0.4011 0.0699 0.0236, 0.3992 0.0691 0.0236, 0.3972 0.0688 0.0236, 0.3004 0.0688 0.0236, 0.2926 0.061 0.0236, 0.2926 -0.1522 0.0236, 0.2928 -0.1543 0.0236, 0.2984 -0.1599 0.0236, 0.3004 -0.1601 0.0236, 0.3457 -0.1601 0.0236, 0.3536 -0.168 0.0236, 0.3533 -0.166 0.0236, 0.4683 0.4623 0.0236, 0.506 0.5115 0.0236, 0.5108 0.5079 0.0236, 0.5115 0.506 0.0236, 0.4627 0.4568 0.0236, 0.4624 0.4547 0.0236, 0.4624 0.2736 0.0236, 0.4647 0.2681 0.0236, 0.4109 0.0883 0.0236, 0.4664 0.2668 0.0236, 0.4129 0.0886 0.0236, 0.4683 0.266 0.0236, 0.409 0.0875 0.0236, 0.4074 0.0863 0.0236, 0.4061 0.0846 0.0236, 0.4053 0.0827 0.0236, 0.405 0.0807 0.0236, 0.405 0.0767 0.0236, 0.4048 0.0747 0.0236, 0.3497 -0.1612 0.0236, 0.3513 -0.1624 0.0236, 0.3525 -0.1641 0.0236, 0.404 0.0728 0.0236, 0.4027 0.0711 0.0236, 0.5199 0.2372 0.0236, 0.5257 0.2322 0.0236, 0.5325 0.2287 0.0236, 0.5698 0.2151 0.0236, 0.3478 -0.1604 0.0236, 0.5118 0.2657 0.0236, 0.5118 0.2583 0.0236, 0.4703 0.2657 0.0236, 0.5127 0.2507 0.0236, 0.5155 0.2435 0.0236, 0.5767 0.2116 0.0236, 0.5825 0.2066 0.0236, 0.5869 0.2003 0.0236, 0.5896 0.1931 0.0236, 0.5906 0.1855 0.0236, 0.5906 0.0886 0.0236, 0.4703 -0.1083 0.0236, 0.5906 -0.1083 0.0236, 0.5906 -0.1855 0.0236, 0.5257 -0.2322 0.0236, 0.5199 -0.2372 0.0236, 0.4624 -0.1161 0.0236, 0.5155 -0.2435 0.0236, 0.4624 -0.2579 0.0236, 0.5127 -0.2507 0.0236, 0.5118 -0.2583 0.0236, 0.4647 -0.2634 0.0236, 0.4635 -0.2618 0.0236, 0.4627 -0.2599 0.0236, 0.4635 -0.1122 0.0236, 0.4647 -0.1106 0.0236, 0.5325 -0.2287 0.0236, 0.4664 -0.1093 0.0236, 0.4683 -0.1085 0.0236, 0.4664 -0.2647 0.0236, 0.5825 -0.2066 0.0236, 0.5767 -0.2116 0.0236, 0.5698 -0.2151 0.0236, 0.4627 -0.1141 0.0236, 0.5118 -0.2657 0.0236, 0.4703 -0.2657 0.0236, 0.4683 -0.2655 0.0236, 0.5896 -0.1931 0.0236, 0.5869 -0.2003 0.0236, 0.3937 0.4921 0.0118, 0.3937 0.0787 0.0118, -0.3937 -0.4921 0.0118, -0.3937 -0.2756 0.0118, -0.4703 -0.1083 0.0236, -0.5325 -0.2287 0.0236, -0.5698 -0.2151 0.0236, -0.4703 -0.2657 0.0236, -0.4624 -0.2579 0.0236, -0.4627 -0.2599 0.0236, -0.5155 -0.2435 0.0236, -0.4624 -0.1161 0.0236, -0.5127 -0.2507 0.0236, -0.5118 -0.2583 0.0236, -0.5118 -0.2657 0.0236, -0.4683 -0.1085 0.0236, -0.4664 -0.1093 0.0236, -0.4647 -0.1106 0.0236, -0.5199 -0.2372 0.0236, -0.5257 -0.2322 0.0236, -0.4627 -0.1141 0.0236, -0.4635 -0.1122 0.0236, -0.5767 -0.2116 0.0236, -0.5825 -0.2066 0.0236, -0.5869 -0.2003 0.0236, -0.4635 -0.2618 0.0236, -0.4647 -0.2634 0.0236, -0.4683 -0.2655 0.0236, -0.4664 -0.2647 0.0236, -0.5896 -0.1931 0.0236, -0.5906 -0.1855 0.0236, -0.5906 -0.1083 0.0236, 0.5118 -0.2657 0.0276, 0.5118 -0.2583 0.1339, 0.5118 -0.4626 0.0276, 0.5118 -0.5039 0.1339, 0.5118 0.2657 0.0276, 0.5118 0.4626 0.0276, 0.5118 0.5039 0.1339, 0.5118 0.2583 0.1339, -0.5906 0.1855 0.1339, -0.5906 -0.1855 0.1339, 0.5039 -0.5118 0.1339, -0.5039 -0.5118 0.1339, 0.5906 -0.1855 0.1339, 0.5906 0.1855 0.1339, -0.5039 0.5118 0.1339, 0.5039 0.5118 0.1339, 0.3851 0.0819 0.1417, 0.3915 0.0412 0.1417, 0.5213 0.2256 0.1417, 0.5298 0.2213 0.1417, 0.3937 0.0 0.1417, 0.5671 0.2077 0.1417, -0.5298 -0.2213 0.1417, -0.5213 -0.2256 0.1417, -0.3597 -0.1601 0.1417, 0.5827 -0.1855 0.1417, 0.5827 0.1855 0.1417, 0.582 0.1912 0.1417, 0.5799 0.1966 0.1417, 0.5766 0.2013 0.1417, 0.5723 0.2051 0.1417, -0.2926 0.2634 0.1417, -0.2634 0.2926 0.1417, -0.5039 0.2583 0.1417, -0.5213 0.2256 0.1417, -0.3744 -0.1217 0.1417, -0.3851 -0.0819 0.1417, -0.3915 -0.0412 0.1417, -0.3937 0.0 0.1417, 0.3744 0.1217 0.1417, 0.514 0.2319 0.1417, 0.3597 0.1601 0.1417, 0.5085 0.2398 0.1417, 0.341 0.1969 0.1417, 0.5051 0.2487 0.1417, 0.3185 0.2314 0.1417, 0.5039 0.2583 0.1417, 0.2926 0.2634 0.1417, 0.5213 -0.2256 0.1417, 0.5298 -0.2213 0.1417, 0.1969 0.341 0.1417, 0.2314 0.3185 0.1417, 0.2634 0.2926 0.1417, -0.5039 0.5039 0.1417, -0.1217 0.3744 0.1417, -0.0819 0.3851 0.1417, -0.2314 0.3185 0.1417, -0.1969 0.341 0.1417, -0.1601 0.3597 0.1417, 0.0412 0.3915 0.1417, 0.5039 0.5039 0.1417, 0.0 0.3937 0.1417, -0.0412 0.3915 0.1417, 0.0819 0.3851 0.1417, 0.1217 0.3744 0.1417, 0.1601 0.3597 0.1417, -0.3915 0.0412 0.1417, -0.3851 0.0819 0.1417, -0.514 0.2319 0.1417, -0.3744 0.1217 0.1417, -0.5085 0.2398 0.1417, -0.3597 0.1601 0.1417, -0.5051 0.2487 0.1417, -0.341 0.1969 0.1417, -0.3185 0.2314 0.1417, -0.5827 0.1855 0.1417, -0.5827 -0.1855 0.1417, -0.5298 0.2213 0.1417, -0.5671 0.2077 0.1417, -0.5723 0.2051 0.1417, -0.5766 0.2013 0.1417, -0.5799 0.1966 0.1417, -0.582 0.1912 0.1417, -0.5039 -0.2583 0.1417, -0.1969 -0.341 0.1417, -0.2314 -0.3185 0.1417, -0.514 -0.2319 0.1417, -0.5085 -0.2398 0.1417, -0.341 -0.1969 0.1417, -0.5051 -0.2487 0.1417, -0.3185 -0.2314 0.1417, 0.5039 -0.5039 0.1417, 0.5039 -0.2583 0.1417, 0.1969 -0.341 0.1417, 0.5671 -0.2077 0.1417, 0.5723 -0.2051 0.1417, 0.5766 -0.2013 0.1417, 0.5799 -0.1966 0.1417, 0.582 -0.1912 0.1417, -0.5766 -0.2013 0.1417, -0.5799 -0.1966 0.1417, -0.582 -0.1912 0.1417, -0.5723 -0.2051 0.1417, -0.5671 -0.2077 0.1417, 0.3915 -0.0412 0.1417, 0.3851 -0.0819 0.1417, 0.514 -0.2319 0.1417, 0.3744 -0.1217 0.1417, 0.5085 -0.2398 0.1417, 0.3597 -0.1601 0.1417, 0.5051 -0.2487 0.1417, 0.341 -0.1969 0.1417, 0.3185 -0.2314 0.1417, 0.2926 -0.2634 0.1417, 0.2634 -0.2926 0.1417, 0.2314 -0.3185 0.1417, -0.2634 -0.2926 0.1417, -0.2926 -0.2634 0.1417, 0.1601 -0.3597 0.1417, 0.1217 -0.3744 0.1417, 0.0819 -0.3851 0.1417, -0.0412 -0.3915 0.1417, -0.5039 -0.5039 0.1417, 0.0 -0.3937 0.1417, 0.0412 -0.3915 0.1417, -0.0819 -0.3851 0.1417, -0.1217 -0.3744 0.1417, -0.1601 -0.3597 0.1417, 0.3937 -0.2756 0.0118, 0.3937 -0.4921 0.0118, -0.3937 0.0787 0.0118, -0.3937 0.4921 0.0118, -0.5118 0.2657 0.0276, -0.5118 0.2583 0.1339, -0.5118 0.4626 0.0276, -0.5118 0.5039 0.1339, -0.5118 -0.2657 0.0276, -0.5118 -0.4626 0.0276, -0.5118 -0.5039 0.1339, -0.5118 -0.2583 0.1339
            ]
        }
        coordIndex [
            0,1,2,-1,3,4,5,-1,5,4,6,-1,7,8,9,-1,10,11,12,-1,2,13,0,-1,0,13,14,-1,0,14,15,-1,16,17,18,-1,19,20,18,-1,18,20,21,-1,18,21,16,-1,16,21,3,-1,16,3,22,-1,22,3,5,-1,22,5,23,-1,12,17,10,-1,10,17,16,-1,10,16,24,-1,25,7,26,-1,27,28,5,-1,29,30,31,-1,31,30,32,-1,32,33,31,-1,31,33,34,-1,31,34,35,-1,7,16,36,-1,37,38,28,-1,28,38,39,-1,28,39,5,-1,5,39,0,-1,5,0,23,-1,23,0,15,-1,35,40,31,-1,31,40,41,-1,31,41,0,-1,0,41,42,-1,0,42,1,-1,26,7,31,-1,31,7,36,-1,31,36,29,-1,26,27,25,-1,25,27,5,-1,25,5,43,-1,43,5,44,-1,43,44,45,-1,45,44,46,-1,47,48,49,-1,49,48,44,-1,50,51,52,-1,16,7,24,-1,24,7,9,-1,24,9,6,-1,6,9,53,-1,6,53,5,-1,5,53,54,-1,5,54,55,-1,55,56,5,-1,5,56,57,-1,5,57,44,-1,44,57,58,-1,44,58,49,-1,49,58,59,-1,49,59,60,-1,61,62,53,-1,53,62,63,-1,64,65,66,-1,66,65,67,-1,66,67,68,-1,51,69,52,-1,52,69,70,-1,52,70,71,-1,72,73,52,-1,52,73,74,-1,75,76,77,-1,77,76,78,-1,74,79,52,-1,52,79,78,-1,52,78,80,-1,80,78,76,-1,50,52,81,-1,81,52,54,-1,81,54,82,-1,82,54,53,-1,82,53,83,-1,71,84,52,-1,52,84,85,-1,52,85,72,-1,86,87,88,-1,88,87,53,-1,88,53,89,-1,89,53,63,-1,89,63,64,-1,64,63,60,-1,64,60,65,-1,65,60,59,-1,68,90,66,-1,66,90,91,-1,66,91,92,-1,92,91,93,-1,92,93,94,-1,87,95,53,-1,53,95,96,-1,53,96,97,-1,93,98,94,-1,94,98,99,-1,94,99,88,-1,88,99,100,-1,88,100,86,-1,97,101,53,-1,53,101,102,-1,53,102,83,-1,103,104,105,-1,105,104,106,-1,107,108,105,-1,109,110,111,-1,111,110,112,-1,108,113,105,-1,105,113,114,-1,105,114,103,-1,103,114,115,-1,103,115,116,-1,117,118,119,-1,119,118,120,-1,121,122,123,-1,124,123,125,-1,116,126,127,-1,128,129,119,-1,119,129,130,-1,131,132,121,-1,122,133,123,-1,123,133,134,-1,123,134,135,-1,136,137,119,-1,119,137,138,-1,119,138,128,-1,120,139,119,-1,119,139,140,-1,119,140,141,-1,141,140,142,-1,141,142,143,-1,144,145,146,-1,146,145,147,-1,146,147,148,-1,148,149,146,-1,146,149,150,-1,146,150,110,-1,110,150,151,-1,110,151,112,-1,152,153,154,-1,154,155,111,-1,111,155,156,-1,111,156,109,-1,110,157,146,-1,146,157,158,-1,146,158,105,-1,105,158,159,-1,105,159,107,-1,160,161,136,-1,136,161,162,-1,136,162,137,-1,143,163,141,-1,141,163,164,-1,141,164,165,-1,166,167,125,-1,125,167,168,-1,125,168,169,-1,170,171,172,-1,173,174,119,-1,119,174,175,-1,119,175,117,-1,121,123,131,-1,131,123,124,-1,131,124,176,-1,135,177,123,-1,123,177,178,-1,123,178,136,-1,136,178,179,-1,136,179,180,-1,181,182,172,-1,183,184,185,-1,186,106,187,-1,187,106,188,-1,189,190,191,-1,154,192,193,-1,127,194,116,-1,116,194,195,-1,116,195,196,-1,196,197,116,-1,116,197,198,-1,116,198,103,-1,199,200,146,-1,146,200,201,-1,146,201,144,-1,176,202,203,-1,180,204,136,-1,136,204,205,-1,136,205,160,-1,206,207,208,-1,207,209,208,-1,208,209,210,-1,208,210,125,-1,125,210,211,-1,125,211,166,-1,182,212,172,-1,172,212,213,-1,172,213,214,-1,153,215,154,-1,154,215,216,-1,154,216,155,-1,155,216,217,-1,155,217,218,-1,218,217,219,-1,218,219,220,-1,165,221,141,-1,141,221,222,-1,141,222,146,-1,146,222,223,-1,146,223,199,-1,203,224,176,-1,176,224,225,-1,176,225,131,-1,169,226,125,-1,125,226,227,-1,125,227,228,-1,228,229,125,-1,125,229,230,-1,125,230,124,-1,231,232,233,-1,233,234,231,-1,231,234,235,-1,231,235,236,-1,214,237,172,-1,172,237,238,-1,172,238,208,-1,208,238,239,-1,208,239,240,-1,241,242,173,-1,170,172,243,-1,240,244,208,-1,208,244,245,-1,208,245,206,-1,246,247,154,-1,154,247,248,-1,154,248,152,-1,130,249,119,-1,119,249,250,-1,119,250,173,-1,173,250,251,-1,173,251,241,-1,229,252,253,-1,254,255,185,-1,193,256,154,-1,154,256,257,-1,154,257,246,-1,242,258,173,-1,173,258,259,-1,173,259,260,-1,253,261,229,-1,229,261,262,-1,229,262,230,-1,263,264,191,-1,191,264,265,-1,191,265,231,-1,231,265,266,-1,231,266,232,-1,236,267,231,-1,231,267,268,-1,231,268,172,-1,172,268,269,-1,172,269,243,-1,171,270,172,-1,172,270,271,-1,172,271,181,-1,181,271,272,-1,181,272,273,-1,273,272,274,-1,188,106,275,-1,275,106,104,-1,275,104,185,-1,185,104,276,-1,185,276,254,-1,255,277,185,-1,185,277,278,-1,185,278,183,-1,186,279,106,-1,106,279,280,-1,106,280,191,-1,191,280,281,-1,191,281,189,-1,190,282,283,-1,283,282,284,-1,283,284,285,-1,285,284,286,-1,283,287,190,-1,190,287,288,-1,190,288,191,-1,191,288,289,-1,191,289,290,-1,290,291,191,-1,191,291,292,-1,191,292,293,-1,294,295,296,-1,293,297,191,-1,191,297,298,-1,191,298,263,-1,299,300,285,-1,285,300,301,-1,285,301,302,-1,274,272,296,-1,296,272,303,-1,296,303,294,-1,304,305,306,-1,306,305,307,-1,306,307,286,-1,286,307,285,-1,285,307,308,-1,285,308,299,-1,302,309,285,-1,285,309,310,-1,285,310,311,-1,311,312,285,-1,285,312,313,-1,285,313,314,-1,315,316,317,-1,318,319,320,-1,320,319,321,-1,320,321,322,-1,322,321,323,-1,322,323,324,-1,325,326,327,-1,328,329,330,-1,329,331,330,-1,330,331,332,-1,330,332,315,-1,325,327,333,-1,334,335,315,-1,315,335,336,-1,315,336,330,-1,318,320,330,-1,330,320,337,-1,330,337,328,-1,324,338,322,-1,322,338,339,-1,322,339,327,-1,327,339,340,-1,327,340,333,-1,317,341,315,-1,315,341,342,-1,315,342,334,-1,343,106,344,-1,344,106,191,-1,345,123,346,-1,346,123,136,-1,347,348,349,-1,350,351,352,-1,353,354,355,-1,355,354,351,-1,355,351,356,-1,356,351,350,-1,356,350,357,-1,347,358,348,-1,348,358,359,-1,348,359,360,-1,353,361,354,-1,354,361,362,-1,354,362,363,-1,363,362,348,-1,363,348,364,-1,364,348,360,-1,349,365,347,-1,347,365,366,-1,347,366,367,-1,352,368,350,-1,350,368,369,-1,350,369,370,-1,370,369,371,-1,367,372,347,-1,347,372,373,-1,347,373,374,-1,338,324,375,-1,375,324,376,-1,375,376,377,-1,377,376,378,-1,377,378,227,-1,227,378,228,-1,305,304,379,-1,184,183,380,-1,380,183,381,-1,380,381,379,-1,379,381,382,-1,379,382,305,-1,383,193,192,-1,383,192,384,-1,384,192,374,-1,384,374,373,-1,385,386,230,-1,230,386,124,-1,387,317,316,-1,387,316,388,-1,388,316,314,-1,388,314,313,-1,389,390,103,-1,103,390,104,-1,391,392,393,-1,393,392,394,-1,394,392,395,-1,394,395,396,-1,397,398,399,-1,400,401,395,-1,395,401,402,-1,395,402,403,-1,403,404,395,-1,395,404,405,-1,395,405,396,-1,406,407,408,-1,409,399,410,-1,410,411,409,-1,409,411,412,-1,409,412,413,-1,391,393,414,-1,414,393,415,-1,414,415,416,-1,416,415,417,-1,416,417,418,-1,418,417,419,-1,418,419,420,-1,420,419,421,-1,420,421,422,-1,423,424,395,-1,425,426,421,-1,421,426,427,-1,421,427,422,-1,428,429,430,-1,407,431,408,-1,408,431,432,-1,408,432,428,-1,428,432,433,-1,428,433,429,-1,434,435,436,-1,436,435,428,-1,436,428,437,-1,437,428,430,-1,434,438,435,-1,435,438,439,-1,435,439,421,-1,421,439,440,-1,421,440,425,-1,413,441,409,-1,409,441,442,-1,409,442,443,-1,443,442,444,-1,443,444,445,-1,445,444,446,-1,445,446,447,-1,447,446,448,-1,447,448,408,-1,408,448,449,-1,408,449,406,-1,450,451,397,-1,399,409,397,-1,397,409,452,-1,397,452,450,-1,450,452,453,-1,450,453,454,-1,454,455,450,-1,450,455,456,-1,450,456,457,-1,458,459,460,-1,398,461,399,-1,399,461,462,-1,399,462,463,-1,463,462,464,-1,463,464,465,-1,465,464,458,-1,466,467,468,-1,395,424,400,-1,400,424,469,-1,400,469,470,-1,470,471,400,-1,400,471,472,-1,400,472,473,-1,474,451,475,-1,475,451,476,-1,474,477,451,-1,451,477,478,-1,451,478,397,-1,395,479,423,-1,423,479,480,-1,423,480,481,-1,481,480,482,-1,481,482,483,-1,483,482,484,-1,483,484,485,-1,485,484,486,-1,485,486,467,-1,467,486,487,-1,467,487,488,-1,488,489,467,-1,467,489,490,-1,467,490,468,-1,460,491,458,-1,458,491,492,-1,458,492,465,-1,468,493,466,-1,466,493,494,-1,466,494,495,-1,496,497,498,-1,498,497,466,-1,498,466,499,-1,499,466,495,-1,496,500,497,-1,497,500,501,-1,497,501,458,-1,458,501,502,-1,458,502,459,-1,503,208,504,-1,504,208,125,-1,504,125,345,-1,345,125,123,-1,505,146,506,-1,506,146,105,-1,506,105,343,-1,343,105,106,-1,220,219,507,-1,507,219,508,-1,507,508,509,-1,509,508,510,-1,509,510,126,-1,126,510,127,-1,356,357,511,-1,132,131,512,-1,512,131,513,-1,512,513,511,-1,511,513,514,-1,511,514,356,-1,
        ]
    }
}
Shape{
    appearance Appearance {
        material  Material 	{
            diffuseColor 1.0 1.0 1.0
            specularColor 0.5019607843137255 0.5019607843137255 0.5019607843137255
            ambientIntensity 1.0
            transparency 0.0
            shininess 0.5
        }
    }
    geometry IndexedFaceSet {
        ccw TRUE
        solid FALSE
        coord DEF co Coordinate {
            point [
                0.4624 0.2736 0.0236, 0.4624 0.4547 0.0236, 0.4624 0.2736 0.0157, 0.4624 0.4547 0.0157, 0.5694 0.4626 0.0276, 0.5118 0.4626 0.0276, 0.5694 0.2657 0.0276, 0.5118 0.2657 0.0276, 0.5743 0.4626 0.0157, 0.4703 0.4626 0.0157, 0.5118 0.4626 0.0236, 0.4703 0.4626 0.0236, 0.7003 0.4626 0.1417, 0.7087 0.4626 0.1334, 0.5972 0.4626 0.039, 0.6021 0.4626 0.0272, 0.5891 0.4626 0.0328, 0.5939 0.4626 0.021, 0.5796 0.4626 0.0289, 0.5845 0.4626 0.0171, 0.4703 0.2657 0.0236, 0.4703 0.2657 0.0157, 0.5118 0.2657 0.0236, 0.5743 0.2657 0.0157, 0.5796 0.2657 0.0289, 0.5845 0.2657 0.0171, 0.5891 0.2657 0.0328, 0.5939 0.2657 0.021, 0.5972 0.2657 0.039, 0.6021 0.2657 0.0272, 0.7003 0.2657 0.1417, 0.7087 0.2657 0.1334, 0.4647 0.2681 0.0157, 0.4635 0.2697 0.0157, 0.4627 0.2716 0.0157, 0.4627 0.4568 0.0157, 0.4664 0.2668 0.0157, 0.4683 0.266 0.0157, 0.4635 0.4587 0.0157, 0.4647 0.4603 0.0157, 0.4664 0.4615 0.0157, 0.4683 0.4623 0.0157, -0.4624 0.4547 0.0236, -0.4624 0.2736 0.0236, -0.4624 0.4547 0.0157, -0.4624 0.2736 0.0157, -0.5694 0.2657 0.0276, -0.5118 0.2657 0.0276, -0.5694 0.4626 0.0276, -0.5118 0.4626 0.0276, -0.4703 0.4626 0.0236, -0.4703 0.4626 0.0157, -0.5118 0.4626 0.0236, -0.5743 0.4626 0.0157, -0.5796 0.4626 0.0289, -0.5845 0.4626 0.0171, -0.5891 0.4626 0.0328, -0.5939 0.4626 0.021, -0.5972 0.4626 0.039, -0.6021 0.4626 0.0272, -0.7003 0.4626 0.1417, -0.7087 0.4626 0.1334, -0.5743 0.2657 0.0157, -0.4703 0.2657 0.0157, -0.5118 0.2657 0.0236, -0.4703 0.2657 0.0236, -0.7003 0.2657 0.1417, -0.7087 0.2657 0.1334, -0.5972 0.2657 0.039, -0.6021 0.2657 0.0272, -0.5891 0.2657 0.0328, -0.5939 0.2657 0.021, -0.5796 0.2657 0.0289, -0.5845 0.2657 0.0171, -0.4627 0.2716 0.0157, -0.4683 0.4623 0.0157, -0.4635 0.2697 0.0157, -0.4647 0.2681 0.0157, -0.4683 0.266 0.0157, -0.4664 0.2668 0.0157, -0.4664 0.4615 0.0157, -0.4647 0.4603 0.0157, -0.4635 0.4587 0.0157, -0.4627 0.4568 0.0157, 0.5694 -0.2657 0.0276, 0.5118 -0.2657 0.0276, 0.5694 -0.4626 0.0276, 0.5118 -0.4626 0.0276, 0.4122 -0.4626 0.0236, 0.4122 -0.4626 0.0157, 0.5118 -0.4626 0.0236, 0.5743 -0.4626 0.0157, 0.5796 -0.4626 0.0289, 0.5845 -0.4626 0.0171, 0.5891 -0.4626 0.0328, 0.5939 -0.4626 0.021, 0.5972 -0.4626 0.039, 0.6021 -0.4626 0.0272, 0.7003 -0.4626 0.1417, 0.7087 -0.4626 0.1334, 0.5743 -0.2657 0.0157, 0.4703 -0.2657 0.0157, 0.5118 -0.2657 0.0236, 0.4703 -0.2657 0.0236, 0.7003 -0.2657 0.1417, 0.7087 -0.2657 0.1334, 0.5972 -0.2657 0.039, 0.6021 -0.2657 0.0272, 0.5891 -0.2657 0.0328, 0.5939 -0.2657 0.021, 0.5796 -0.2657 0.0289, 0.5845 -0.2657 0.0171, 0.4043 -0.2736 0.0157, 0.4635 -0.2618 0.0157, 0.4043 -0.4547 0.0157, 0.4647 -0.2634 0.0157, 0.4664 -0.2647 0.0157, 0.603 -0.1004 0.0157, 0.404 0.0728 0.0157, 0.603 0.0807 0.0157, 0.4048 0.0747 0.0157, 0.4683 -0.2655 0.0157, 0.4703 -0.1083 0.0157, 0.4683 -0.1085 0.0157, 0.3525 -0.1641 0.0157, 0.3513 -0.1624 0.0157, 0.4635 -0.1122 0.0157, 0.4082 -0.4615 0.0157, 0.4066 -0.4603 0.0157, 0.5951 -0.1083 0.0157, 0.3478 -0.1604 0.0157, 0.4027 0.0711 0.0157, 0.4011 0.0699 0.0157, 0.4101 -0.4623 0.0157, 0.4053 -0.4587 0.0157, 0.4046 -0.4568 0.0157, 0.4664 -0.1093 0.0157, 0.4647 -0.1106 0.0157, 0.3497 -0.1612 0.0157, 0.405 0.0767 0.0157, 0.4129 0.0886 0.0157, 0.5951 0.0886 0.0157, 0.402 -0.2681 0.0157, 0.4627 -0.1141 0.0157, 0.4032 -0.2697 0.0157, 0.4624 -0.1161 0.0157, 0.404 -0.2716 0.0157, 0.4624 -0.2579 0.0157, 0.4627 -0.2599 0.0157, 0.3004 -0.1601 0.0157, 0.3004 0.0688 0.0157, 0.3457 -0.1601 0.0157, 0.3972 0.0688 0.0157, 0.3992 0.0691 0.0157, 0.4003 -0.2668 0.0157, 0.3984 -0.266 0.0157, 0.3964 -0.2657 0.0157, 0.2928 0.063 0.0157, 0.2936 0.0649 0.0157, 0.405 0.0807 0.0157, 0.4053 0.0827 0.0157, 0.4061 0.0846 0.0157, 0.4074 0.0863 0.0157, 0.409 0.0875 0.0157, 0.4109 0.0883 0.0157, 0.6007 0.0863 0.0157, 0.5991 0.0875 0.0157, 0.5972 0.0883 0.0157, 0.602 0.0846 0.0157, 0.6027 0.0827 0.0157, 0.6027 -0.1024 0.0157, 0.602 -0.1043 0.0157, 0.6007 -0.106 0.0157, 0.3536 -0.2579 0.0157, 0.3536 -0.168 0.0157, 0.3615 -0.2657 0.0157, 0.2928 -0.1543 0.0157, 0.2926 -0.1522 0.0157, 0.2984 -0.1599 0.0157, 0.2926 0.061 0.0157, 0.5991 -0.1072 0.0157, 0.5972 -0.108 0.0157, 0.2949 0.0665 0.0157, 0.2965 0.0678 0.0157, 0.2984 0.0686 0.0157, 0.3533 -0.166 0.0157, 0.2936 -0.1562 0.0157, 0.2965 -0.1591 0.0157, 0.2949 -0.1578 0.0157, 0.3575 -0.2647 0.0157, 0.3559 -0.2634 0.0157, 0.3547 -0.2618 0.0157, 0.3594 -0.2655 0.0157, 0.3539 -0.2599 0.0157, -0.5694 -0.4626 0.0276, -0.5118 -0.4626 0.0276, -0.5694 -0.2657 0.0276, -0.5118 -0.2657 0.0276, -0.5743 -0.4626 0.0157, -0.4122 -0.4626 0.0157, -0.5118 -0.4626 0.0236, -0.4122 -0.4626 0.0236, -0.7003 -0.4626 0.1417, -0.7087 -0.4626 0.1334, -0.5972 -0.4626 0.039, -0.6021 -0.4626 0.0272, -0.5891 -0.4626 0.0328, -0.5939 -0.4626 0.021, -0.5796 -0.4626 0.0289, -0.5845 -0.4626 0.0171, -0.4703 -0.2657 0.0236, -0.4703 -0.2657 0.0157, -0.5118 -0.2657 0.0236, -0.5743 -0.2657 0.0157, -0.5796 -0.2657 0.0289, -0.5845 -0.2657 0.0171, -0.5891 -0.2657 0.0328, -0.5939 -0.2657 0.021, -0.5972 -0.2657 0.039, -0.6021 -0.2657 0.0272, -0.7003 -0.2657 0.1417, -0.7087 -0.2657 0.1334, -0.405 0.0807 0.0157, -0.405 0.0767 0.0157, -0.4129 0.0886 0.0157, -0.404 0.0728 0.0157, -0.603 -0.1004 0.0157, -0.4048 0.0747 0.0157, -0.603 0.0807 0.0157, -0.4011 0.0699 0.0157, -0.3992 0.0691 0.0157, -0.3478 -0.1604 0.0157, -0.3972 0.0688 0.0157, -0.4043 -0.4547 0.0157, -0.4046 -0.4568 0.0157, -0.4043 -0.2736 0.0157, -0.4647 -0.2634 0.0157, -0.3497 -0.1612 0.0157, -0.4027 0.0711 0.0157, -0.4683 -0.2655 0.0157, -0.4664 -0.2647 0.0157, -0.5951 0.0886 0.0157, -0.3513 -0.1624 0.0157, -0.4635 -0.1122 0.0157, -0.3525 -0.1641 0.0157, -0.4627 -0.1141 0.0157, -0.3984 -0.266 0.0157, -0.4003 -0.2668 0.0157, -0.4624 -0.1161 0.0157, -0.4647 -0.1106 0.0157, -0.4664 -0.1093 0.0157, -0.4683 -0.1085 0.0157, -0.4703 -0.1083 0.0157, -0.5951 -0.1083 0.0157, -0.4053 -0.4587 0.0157, -0.4066 -0.4603 0.0157, -0.6027 0.0827 0.0157, -0.602 0.0846 0.0157, -0.6007 0.0863 0.0157, -0.5991 0.0875 0.0157, -0.5972 0.0883 0.0157, -0.3004 0.0688 0.0157, -0.3004 -0.1601 0.0157, -0.3457 -0.1601 0.0157, -0.3964 -0.2657 0.0157, -0.4635 -0.2618 0.0157, -0.4627 -0.2599 0.0157, -0.404 -0.2716 0.0157, -0.4624 -0.2579 0.0157, -0.4032 -0.2697 0.0157, -0.402 -0.2681 0.0157, -0.4082 -0.4615 0.0157, -0.4101 -0.4623 0.0157, -0.4074 0.0863 0.0157, -0.409 0.0875 0.0157, -0.4109 0.0883 0.0157, -0.4061 0.0846 0.0157, -0.4053 0.0827 0.0157, -0.3533 -0.166 0.0157, -0.3536 -0.168 0.0157, -0.2936 0.0649 0.0157, -0.2928 0.063 0.0157, -0.2926 0.061 0.0157, -0.2926 -0.1522 0.0157, -0.2984 -0.1599 0.0157, -0.2928 -0.1543 0.0157, -0.2936 -0.1562 0.0157, -0.2949 -0.1578 0.0157, -0.2965 -0.1591 0.0157, -0.5972 -0.108 0.0157, -0.5991 -0.1072 0.0157, -0.6007 -0.106 0.0157, -0.602 -0.1043 0.0157, -0.6027 -0.1024 0.0157, -0.2984 0.0686 0.0157, -0.2965 0.0678 0.0157, -0.2949 0.0665 0.0157, -0.3615 -0.2657 0.0157, -0.3536 -0.2579 0.0157, -0.3547 -0.2618 0.0157, -0.3559 -0.2634 0.0157, -0.3575 -0.2647 0.0157, -0.3539 -0.2599 0.0157, -0.3594 -0.2655 0.0157
            ]
        }
        coordIndex [
            0,1,2,-1,2,1,3,-1,4,5,6,-1,6,5,7,-1,8,9,10,-1,10,9,11,-1,12,13,14,-1,14,13,15,-1,14,15,16,-1,16,15,17,-1,16,17,18,-1,18,17,19,-1,18,19,4,-1,4,19,8,-1,4,8,5,-1,5,8,10,-1,20,21,22,-1,22,21,23,-1,7,22,6,-1,6,22,23,-1,6,23,24,-1,24,23,25,-1,24,25,26,-1,26,25,27,-1,26,27,28,-1,28,27,29,-1,28,29,30,-1,30,29,31,-1,28,30,14,-1,14,30,12,-1,13,12,31,-1,31,12,30,-1,15,13,29,-1,29,13,31,-1,8,23,9,-1,9,23,21,-1,32,33,34,-1,9,3,35,-1,32,34,36,-1,3,9,2,-1,2,9,21,-1,2,21,34,-1,34,21,37,-1,34,37,36,-1,35,38,39,-1,39,40,35,-1,35,40,41,-1,35,41,9,-1,42,43,44,-1,44,43,45,-1,46,47,48,-1,48,47,49,-1,50,51,52,-1,52,51,53,-1,49,52,48,-1,48,52,53,-1,48,53,54,-1,54,53,55,-1,54,55,56,-1,56,55,57,-1,56,57,58,-1,58,57,59,-1,58,59,60,-1,60,59,61,-1,62,63,64,-1,64,63,65,-1,66,67,68,-1,68,67,69,-1,68,69,70,-1,70,69,71,-1,70,71,72,-1,72,71,73,-1,72,73,46,-1,46,73,62,-1,46,62,47,-1,47,62,64,-1,62,53,63,-1,63,53,51,-1,63,45,74,-1,45,63,44,-1,44,63,51,-1,44,51,75,-1,74,76,63,-1,63,76,77,-1,63,77,78,-1,78,77,79,-1,75,80,81,-1,81,82,75,-1,75,82,83,-1,75,83,44,-1,69,67,59,-1,59,67,61,-1,60,61,66,-1,66,61,67,-1,58,60,68,-1,68,60,66,-1,84,85,86,-1,86,85,87,-1,88,89,90,-1,90,89,91,-1,87,90,86,-1,86,90,91,-1,86,91,92,-1,92,91,93,-1,92,93,94,-1,94,93,95,-1,94,95,96,-1,96,95,97,-1,96,97,98,-1,98,97,99,-1,100,101,102,-1,102,101,103,-1,104,105,106,-1,106,105,107,-1,106,107,108,-1,108,107,109,-1,108,109,110,-1,110,109,111,-1,110,111,84,-1,84,111,100,-1,84,100,85,-1,85,100,102,-1,112,113,114,-1,114,113,115,-1,114,115,116,-1,117,118,119,-1,119,118,120,-1,100,91,101,-1,101,91,89,-1,101,89,121,-1,122,123,118,-1,124,125,126,-1,127,128,116,-1,122,118,129,-1,118,130,131,-1,131,130,132,-1,121,89,116,-1,116,89,133,-1,116,133,127,-1,128,134,116,-1,116,134,135,-1,116,135,114,-1,123,136,118,-1,118,136,137,-1,118,137,126,-1,126,125,118,-1,118,125,138,-1,118,138,130,-1,120,139,119,-1,119,139,140,-1,119,140,141,-1,142,143,144,-1,144,143,145,-1,144,145,146,-1,146,145,147,-1,146,147,112,-1,112,147,148,-1,112,148,113,-1,149,150,151,-1,151,150,152,-1,151,152,130,-1,130,152,153,-1,130,153,132,-1,142,154,143,-1,143,154,155,-1,143,155,156,-1,157,158,150,-1,139,159,140,-1,140,159,160,-1,140,160,161,-1,161,162,140,-1,140,162,163,-1,140,163,164,-1,165,141,166,-1,166,141,167,-1,165,168,141,-1,141,168,169,-1,141,169,119,-1,117,170,118,-1,118,170,171,-1,118,171,172,-1,173,174,175,-1,176,177,178,-1,178,177,149,-1,149,177,150,-1,150,177,179,-1,150,179,157,-1,172,180,118,-1,118,180,181,-1,118,181,129,-1,158,182,150,-1,150,182,183,-1,150,183,184,-1,124,126,185,-1,185,126,143,-1,185,143,174,-1,174,143,156,-1,174,156,175,-1,176,178,186,-1,186,178,187,-1,186,187,188,-1,189,190,191,-1,175,192,173,-1,173,192,189,-1,173,189,193,-1,193,189,191,-1,107,105,97,-1,97,105,99,-1,98,99,104,-1,104,99,105,-1,96,98,106,-1,106,98,104,-1,194,195,196,-1,196,195,197,-1,198,199,200,-1,200,199,201,-1,202,203,204,-1,204,203,205,-1,204,205,206,-1,206,205,207,-1,206,207,208,-1,208,207,209,-1,208,209,194,-1,194,209,198,-1,194,198,195,-1,195,198,200,-1,210,211,212,-1,212,211,213,-1,197,212,196,-1,196,212,213,-1,196,213,214,-1,214,213,215,-1,214,215,216,-1,216,215,217,-1,216,217,218,-1,218,217,219,-1,218,219,220,-1,220,219,221,-1,218,220,204,-1,204,220,202,-1,203,202,221,-1,221,202,220,-1,205,203,219,-1,219,203,221,-1,222,223,224,-1,225,226,227,-1,227,226,228,-1,227,228,223,-1,229,230,231,-1,231,230,232,-1,199,198,213,-1,233,234,199,-1,235,233,236,-1,237,225,231,-1,231,225,238,-1,231,238,229,-1,213,211,199,-1,199,211,239,-1,199,239,233,-1,233,239,240,-1,233,240,236,-1,224,223,241,-1,237,242,243,-1,243,242,244,-1,243,244,245,-1,246,247,248,-1,237,243,225,-1,225,243,249,-1,225,249,250,-1,250,251,225,-1,225,251,252,-1,225,252,253,-1,234,254,255,-1,223,228,241,-1,241,228,256,-1,241,256,257,-1,257,258,241,-1,241,258,259,-1,241,259,260,-1,261,262,232,-1,232,262,263,-1,232,263,231,-1,246,248,264,-1,236,265,235,-1,235,265,266,-1,235,266,267,-1,267,266,268,-1,267,268,269,-1,269,268,248,-1,269,248,270,-1,270,248,247,-1,255,271,234,-1,234,271,272,-1,234,272,199,-1,273,224,274,-1,274,224,275,-1,273,276,224,-1,224,276,277,-1,224,277,222,-1,245,244,248,-1,248,244,278,-1,248,278,279,-1,280,281,261,-1,261,281,282,-1,261,282,262,-1,262,282,283,-1,262,283,284,-1,284,283,285,-1,285,286,284,-1,284,286,287,-1,284,287,288,-1,253,289,225,-1,225,289,290,-1,225,290,291,-1,291,292,225,-1,225,292,293,-1,225,293,226,-1,294,295,261,-1,261,295,296,-1,261,296,280,-1,264,248,297,-1,297,248,279,-1,297,279,298,-1,299,300,301,-1,298,302,297,-1,297,302,299,-1,297,299,303,-1,303,299,301,-1,
        ]
    }
}
Shape{
    appearance Appearance {
        material  Material 	{
            diffuseColor 0.25098039215686274 0.25098039215686274 0.25098039215686274
            specularColor 0.12549019607843137 0.12549019607843137 0.12549019607843137
            ambientIntensity 0.251
            transparency 0.0
            shininess 0.5
        }
    }
    geometry IndexedFaceSet {
        ccw TRUE
        solid FALSE
        coord DEF co Coordinate {
            point [
                -0.3937 -0.2756 0.0118, -0.3937 -0.2756 0.0236, -0.2799 -0.2756 0.0118, -0.2799 -0.2756 0.0236, -0.2799 0.0787 0.0118, -0.2799 0.0787 0.0236, -0.3937 0.0787 0.0118, -0.3937 0.0787 0.0236, 0.3937 0.0787 0.0118, 0.3937 0.0787 0.0236, 0.2799 0.0787 0.0118, 0.2799 0.0787 0.0236, 0.2799 -0.2756 0.0118, 0.2799 -0.2756 0.0236, 0.3937 -0.2756 0.0118, 0.3937 -0.2756 0.0236
            ]
        }
        coordIndex [
            0,1,2,-1,2,1,3,-1,2,3,4,-1,4,3,5,-1,4,5,6,-1,6,5,7,-1,8,9,10,-1,10,9,11,-1,10,11,12,-1,12,11,13,-1,12,13,14,-1,14,13,15,-1,
        ]
    }
}
Shape{
    appearance Appearance {
        material  Material 	{
            diffuseColor 1.0 1.0 1.0
            specularColor 0.5019607843137255 0.5019607843137255 0.5019607843137255
            ambientIntensity 1.0
            transparency 0.0
            shininess 0.5
        }
    }
    geometry IndexedFaceSet {
        ccw TRUE
        solid FALSE
        coord DEF co Coordinate {
            point [
                0.5951 0.0886 0.0236, 0.5906 0.0886 0.0236, 0.5951 -0.1083 0.0236, 0.5906 -0.1083 0.0236, 0.6027 0.0827 0.0236, 0.602 0.0846 0.0236, 0.6007 0.0863 0.0236, 0.5991 0.0875 0.0236, 0.5972 0.0883 0.0236, 0.5972 -0.108 0.0236, 0.6027 -0.1024 0.0236, 0.603 -0.1004 0.0236, 0.603 0.0807 0.0236, 0.5991 -0.1072 0.0236, 0.6007 -0.106 0.0236, 0.602 -0.1043 0.0236, 0.4624 -0.1161 0.0236, 0.4624 -0.2579 0.0236, 0.4624 -0.1161 0.0157, 0.4624 -0.2579 0.0157, 0.4703 -0.1083 0.0236, 0.4703 -0.1083 0.0157, 0.5951 -0.1083 0.0157, 0.603 -0.1004 0.0157, 0.603 0.0807 0.0157, 0.4129 0.0886 0.0157, 0.4129 0.0886 0.0236, 0.5951 0.0886 0.0157, 0.405 0.0767 0.0236, 0.405 0.0807 0.0236, 0.405 0.0767 0.0157, 0.405 0.0807 0.0157, 0.3004 0.0688 0.0236, 0.3972 0.0688 0.0236, 0.3004 0.0688 0.0157, 0.3972 0.0688 0.0157, 0.2926 -0.1522 0.0236, 0.2926 0.061 0.0236, 0.2926 -0.1522 0.0157, 0.2926 0.061 0.0157, 0.3457 -0.1601 0.0236, 0.3004 -0.1601 0.0236, 0.3457 -0.1601 0.0157, 0.3004 -0.1601 0.0157, 0.3536 -0.2579 0.0236, 0.3536 -0.168 0.0236, 0.3536 -0.2579 0.0157, 0.3536 -0.168 0.0157, 0.3964 -0.2657 0.0236, 0.3615 -0.2657 0.0236, 0.3964 -0.2657 0.0157, 0.3615 -0.2657 0.0157, 0.4043 -0.4547 0.0236, 0.4043 -0.2736 0.0236, 0.4043 -0.4547 0.0157, 0.4043 -0.2736 0.0157, -0.603 0.0807 0.0236, -0.5951 -0.1083 0.0236, -0.5951 0.0886 0.0236, -0.5906 -0.1083 0.0236, -0.5906 0.0886 0.0236, -0.6007 0.0863 0.0236, -0.5991 0.0875 0.0236, -0.5972 0.0883 0.0236, -0.602 0.0846 0.0236, -0.6027 0.0827 0.0236, -0.5991 -0.1072 0.0236, -0.6027 -0.1024 0.0236, -0.6007 -0.106 0.0236, -0.602 -0.1043 0.0236, -0.603 -0.1004 0.0236, -0.5972 -0.108 0.0236, -0.4624 -0.1161 0.0157, -0.4624 -0.2579 0.0157, -0.4624 -0.1161 0.0236, -0.4624 -0.2579 0.0236, -0.4043 -0.4547 0.0157, -0.4043 -0.2736 0.0157, -0.4043 -0.4547 0.0236, -0.4043 -0.2736 0.0236, -0.3964 -0.2657 0.0157, -0.3615 -0.2657 0.0157, -0.3964 -0.2657 0.0236, -0.3615 -0.2657 0.0236, -0.3536 -0.2579 0.0157, -0.3536 -0.168 0.0157, -0.3536 -0.2579 0.0236, -0.3536 -0.168 0.0236, -0.3457 -0.1601 0.0157, -0.3004 -0.1601 0.0157, -0.3457 -0.1601 0.0236, -0.3004 -0.1601 0.0236, -0.2926 -0.1522 0.0157, -0.2926 0.061 0.0157, -0.2926 -0.1522 0.0236, -0.2926 0.061 0.0236, -0.3004 0.0688 0.0157, -0.3972 0.0688 0.0157, -0.3004 0.0688 0.0236, -0.3972 0.0688 0.0236, -0.405 0.0767 0.0157, -0.405 0.0807 0.0157, -0.405 0.0767 0.0236, -0.405 0.0807 0.0236, -0.4129 0.0886 0.0236, -0.4129 0.0886 0.0157, -0.5951 0.0886 0.0157, -0.603 0.0807 0.0157, -0.603 -0.1004 0.0157, -0.4703 -0.1083 0.0157, -0.4703 -0.1083 0.0236, -0.5951 -0.1083 0.0157
            ]
        }
        coordIndex [
            0,1,2,-1,2,1,3,-1,0,4,5,-1,5,6,0,-1,0,6,7,-1,0,7,8,-1,9,10,2,-1,2,10,11,-1,2,11,0,-1,0,11,12,-1,0,12,4,-1,9,13,10,-1,10,13,14,-1,10,14,15,-1,16,17,18,-1,18,17,19,-1,20,21,3,-1,3,21,22,-1,3,22,2,-1,23,24,11,-1,11,24,12,-1,25,26,27,-1,27,26,1,-1,27,1,0,-1,28,29,30,-1,30,29,31,-1,32,33,34,-1,34,33,35,-1,36,37,38,-1,38,37,39,-1,40,41,42,-1,42,41,43,-1,44,45,46,-1,46,45,47,-1,48,49,50,-1,50,49,51,-1,52,53,54,-1,54,53,55,-1,56,57,58,-1,58,57,59,-1,58,59,60,-1,61,58,62,-1,62,58,63,-1,61,64,58,-1,58,64,65,-1,58,65,56,-1,66,67,68,-1,68,67,69,-1,56,70,57,-1,57,70,67,-1,57,67,71,-1,71,67,66,-1,72,73,74,-1,74,73,75,-1,76,77,78,-1,78,77,79,-1,80,81,82,-1,82,81,83,-1,84,85,86,-1,86,85,87,-1,88,89,90,-1,90,89,91,-1,92,93,94,-1,94,93,95,-1,96,97,98,-1,98,97,99,-1,100,101,102,-1,102,101,103,-1,104,105,60,-1,60,105,106,-1,60,106,58,-1,107,108,56,-1,56,108,70,-1,109,110,111,-1,111,110,59,-1,111,59,57,-1,
        ]
    }
}
Shape{
    appearance Appearance {
        material  Material 	{
            diffuseColor 0.25098039215686274 0.25098039215686274 0.25098039215686274
            specularColor 0.12549019607843137 0.12549019607843137 0.12549019607843137
            ambientIntensity 0.251
            transparency 0.0
            shininess 0.5
        }
    }
    geometry IndexedFaceSet {
        ccw TRUE
        solid FALSE
        coord DEF co Coordinate {
            point [
                -0.3858 -0.2835 0.0039, -0.3858 -0.4843 0.0039, -0.3879 -0.4863 0.0042, -0.3879 -0.2814 0.0042, -0.3898 -0.4882 0.005, -0.3898 -0.2795 0.005, -0.3914 -0.4898 0.0062, -0.3914 -0.2779 0.0062, -0.3921 -0.2772 0.007, -0.3921 -0.4905 0.007, -0.3926 -0.2766 0.0079, -0.3926 -0.4911 0.0079, -0.3931 -0.4915 0.0088, -0.3931 -0.2762 0.0088, -0.3934 -0.4919 0.0098, -0.3934 -0.2759 0.0098, -0.3936 -0.4921 0.0108, -0.3936 -0.2757 0.0108, -0.3937 -0.4921 0.0118, -0.3937 -0.2756 0.0118, -0.2759 -0.2795 0.005, -0.274 -0.2814 0.0042, -0.272 -0.2835 0.0039, -0.2788 -0.2766 0.0079, -0.2782 -0.2772 0.007, -0.2776 -0.2779 0.0062, -0.2799 -0.2756 0.0118, -0.2798 -0.2757 0.0108, -0.2796 -0.2759 0.0098, -0.2793 -0.2762 0.0088, 0.3914 -0.4898 0.0062, 0.3921 -0.4905 0.007, 0.3926 -0.4911 0.0079, 0.3931 -0.4915 0.0088, 0.3934 -0.4919 0.0098, 0.3936 -0.4921 0.0108, 0.3937 -0.4921 0.0118, 0.3898 -0.4882 0.005, 0.3879 -0.4863 0.0042, 0.3858 -0.4843 0.0039, -0.2798 0.0788 0.0108, -0.2796 0.079 0.0098, -0.2793 0.0793 0.0088, -0.2788 0.0798 0.0079, -0.2782 0.0804 0.007, -0.2776 0.081 0.0062, -0.2759 0.0827 0.005, -0.274 0.0846 0.0042, -0.272 0.0866 0.0039, -0.2799 0.0787 0.0118, 0.3937 -0.2756 0.0118, 0.3936 -0.2757 0.0108, 0.3934 -0.2759 0.0098, 0.3931 -0.2762 0.0088, 0.3926 -0.2766 0.0079, 0.3921 -0.2772 0.007, 0.3914 -0.2779 0.0062, 0.3898 -0.2795 0.005, 0.3879 -0.2814 0.0042, 0.3858 -0.2835 0.0039, -0.3858 0.0866 0.0039, -0.3879 0.0846 0.0042, -0.3898 0.0827 0.005, -0.3914 0.081 0.0062, -0.3921 0.0804 0.007, -0.3926 0.0798 0.0079, -0.3931 0.0793 0.0088, -0.3934 0.079 0.0098, -0.3936 0.0788 0.0108, -0.3937 0.0787 0.0118, 0.2799 -0.2756 0.0118, 0.2798 -0.2757 0.0108, 0.2796 -0.2759 0.0098, 0.2793 -0.2762 0.0088, 0.2788 -0.2766 0.0079, 0.2782 -0.2772 0.007, 0.2776 -0.2779 0.0062, 0.2759 -0.2795 0.005, 0.274 -0.2814 0.0042, 0.272 -0.2835 0.0039, -0.3858 0.4843 0.0039, -0.3879 0.4863 0.0042, -0.3898 0.4882 0.005, -0.3914 0.4898 0.0062, -0.3921 0.4905 0.007, -0.3937 0.4921 0.0118, -0.3936 0.4921 0.0108, -0.3934 0.4919 0.0098, -0.3931 0.4915 0.0088, -0.3926 0.4911 0.0079, 0.2798 0.0788 0.0108, 0.2799 0.0787 0.0118, 0.2796 0.079 0.0098, 0.2793 0.0793 0.0088, 0.2788 0.0798 0.0079, 0.2776 0.081 0.0062, 0.2782 0.0804 0.007, 0.2759 0.0827 0.005, 0.274 0.0846 0.0042, 0.272 0.0866 0.0039, 0.3858 0.4843 0.0039, 0.3879 0.4863 0.0042, 0.3898 0.4882 0.005, 0.3914 0.4898 0.0062, 0.3921 0.4905 0.007, 0.3937 0.4921 0.0118, 0.3936 0.4921 0.0108, 0.3934 0.4919 0.0098, 0.3931 0.4915 0.0088, 0.3926 0.4911 0.0079, 0.3914 0.081 0.0062, 0.3937 0.0787 0.0118, 0.3936 0.0788 0.0108, 0.3934 0.079 0.0098, 0.3931 0.0793 0.0088, 0.3926 0.0798 0.0079, 0.3921 0.0804 0.007, 0.3898 0.0827 0.005, 0.3879 0.0846 0.0042, 0.3858 0.0866 0.0039, 0.5325 -0.2287 0.1339, 0.5325 -0.2287 0.0236, 0.5698 -0.2151 0.1339, 0.5698 -0.2151 0.0236, -0.5698 -0.2151 0.1339, -0.5698 -0.2151 0.0236, -0.5325 -0.2287 0.1339, -0.5325 -0.2287 0.0236, -0.5325 0.2287 0.1339, -0.5325 0.2287 0.0236, -0.5698 0.2151 0.1339, -0.5698 0.2151 0.0236, 0.5698 0.2151 0.1339, 0.5698 0.2151 0.0236, 0.5325 0.2287 0.1339, 0.5325 0.2287 0.0236, 0.5257 0.2322 0.1339, 0.5257 0.2322 0.0236, 0.5199 0.2372 0.1339, 0.5199 0.2372 0.0236, 0.5155 0.2435 0.1339, 0.5155 0.2435 0.0236, 0.5127 0.2507 0.1339, 0.5127 0.2507 0.0236, 0.5118 0.2583 0.1339, 0.5118 0.2583 0.0236, 0.5906 0.1855 0.1339, 0.5906 0.1855 0.0236, 0.5896 0.1931 0.0236, 0.5896 0.1931 0.1339, 0.5869 0.2003 0.0236, 0.5869 0.2003 0.1339, 0.5825 0.2066 0.0236, 0.5825 0.2066 0.1339, 0.5767 0.2116 0.0236, 0.5767 0.2116 0.1339, 0.5906 -0.1855 0.0236, 0.5906 -0.1855 0.1339, 0.5896 -0.1931 0.1339, 0.5896 -0.1931 0.0236, 0.5869 -0.2003 0.1339, 0.5869 -0.2003 0.0236, 0.5825 -0.2066 0.1339, 0.5825 -0.2066 0.0236, 0.5767 -0.2116 0.1339, 0.5767 -0.2116 0.0236, 0.5257 -0.2322 0.0236, 0.5257 -0.2322 0.1339, 0.5199 -0.2372 0.0236, 0.5199 -0.2372 0.1339, 0.5155 -0.2435 0.0236, 0.5155 -0.2435 0.1339, 0.5127 -0.2507 0.0236, 0.5127 -0.2507 0.1339, 0.5118 -0.2583 0.0236, 0.5118 -0.2583 0.1339, -0.5257 -0.2322 0.1339, -0.5257 -0.2322 0.0236, -0.5199 -0.2372 0.1339, -0.5199 -0.2372 0.0236, -0.5155 -0.2435 0.1339, -0.5155 -0.2435 0.0236, -0.5127 -0.2507 0.1339, -0.5127 -0.2507 0.0236, -0.5118 -0.2583 0.1339, -0.5118 -0.2583 0.0236, -0.5906 -0.1855 0.1339, -0.5906 -0.1855 0.0236, -0.5896 -0.1931 0.0236, -0.5896 -0.1931 0.1339, -0.5869 -0.2003 0.0236, -0.5869 -0.2003 0.1339, -0.5825 -0.2066 0.0236, -0.5825 -0.2066 0.1339, -0.5767 -0.2116 0.0236, -0.5767 -0.2116 0.1339, -0.5906 0.1855 0.0236, -0.5906 0.1855 0.1339, -0.5896 0.1931 0.1339, -0.5896 0.1931 0.0236, -0.5869 0.2003 0.1339, -0.5869 0.2003 0.0236, -0.5825 0.2066 0.1339, -0.5825 0.2066 0.0236, -0.5767 0.2116 0.1339, -0.5767 0.2116 0.0236, -0.5257 0.2322 0.0236, -0.5257 0.2322 0.1339, -0.5199 0.2372 0.0236, -0.5199 0.2372 0.1339, -0.5155 0.2435 0.0236, -0.5155 0.2435 0.1339, -0.5127 0.2507 0.0236, -0.5127 0.2507 0.1339, -0.5118 0.2583 0.0236, -0.5118 0.2583 0.1339, -0.5827 0.1855 0.1417, -0.582 0.1912 0.1417, -0.5847 0.1855 0.1415, -0.584 0.1917 0.1415, -0.5866 0.1855 0.1407, -0.5858 0.1922 0.1407, -0.5882 0.1855 0.1394, -0.5874 0.1926 0.1394, -0.5895 0.1855 0.1378, -0.5886 0.1929 0.1378, -0.5903 0.1855 0.1359, -0.5894 0.1931 0.1359, -0.5799 0.1966 0.1417, -0.5817 0.1976 0.1415, -0.5834 0.1984 0.1407, -0.5848 0.1992 0.1394, -0.5859 0.1998 0.1378, -0.5866 0.2002 0.1359, -0.5766 0.2013 0.1417, -0.5781 0.2027 0.1415, -0.5795 0.2039 0.1407, -0.5807 0.205 0.1394, -0.5817 0.2059 0.1378, -0.5823 0.2064 0.1359, -0.5723 0.2051 0.1417, -0.5734 0.2068 0.1415, -0.5745 0.2084 0.1407, -0.5754 0.2097 0.1394, -0.5761 0.2107 0.1378, -0.5765 0.2114 0.1359, -0.5671 0.2077 0.1417, -0.5678 0.2096 0.1415, -0.5685 0.2114 0.1407, -0.569 0.2129 0.1394, -0.5695 0.2141 0.1378, -0.5697 0.2149 0.1359, -0.5827 -0.1855 0.1417, -0.5847 -0.1855 0.1415, -0.5866 -0.1855 0.1407, -0.5882 -0.1855 0.1394, -0.5895 -0.1855 0.1378, -0.5903 -0.1855 0.1359, -0.5324 0.2284 0.1359, -0.5322 0.2277 0.1378, -0.5317 0.2265 0.1394, -0.5312 0.225 0.1407, -0.5305 0.2232 0.1415, -0.5298 0.2213 0.1417, -0.5671 -0.2077 0.1417, -0.5723 -0.2051 0.1417, -0.5678 -0.2096 0.1415, -0.5734 -0.2068 0.1415, -0.5685 -0.2114 0.1407, -0.5745 -0.2084 0.1407, -0.569 -0.2129 0.1394, -0.5754 -0.2097 0.1394, -0.5695 -0.2141 0.1378, -0.5761 -0.2107 0.1378, -0.5697 -0.2149 0.1359, -0.5765 -0.2114 0.1359, -0.5766 -0.2013 0.1417, -0.5781 -0.2027 0.1415, -0.5795 -0.2039 0.1407, -0.5807 -0.205 0.1394, -0.5817 -0.2059 0.1378, -0.5823 -0.2064 0.1359, -0.5799 -0.1966 0.1417, -0.5817 -0.1976 0.1415, -0.5834 -0.1984 0.1407, -0.5848 -0.1992 0.1394, -0.5859 -0.1998 0.1378, -0.5866 -0.2002 0.1359, -0.582 -0.1912 0.1417, -0.584 -0.1917 0.1415, -0.5858 -0.1922 0.1407, -0.5874 -0.1926 0.1394, -0.5886 -0.1929 0.1378, -0.5894 -0.1931 0.1359, -0.5116 0.2583 0.1356, -0.5125 0.2506 0.1359, -0.5115 0.2583 0.1359, -0.511 0.2583 0.1373, -0.5117 0.2504 0.1378, -0.5108 0.2583 0.1378, -0.51 0.2583 0.1387, -0.5105 0.2501 0.1394, -0.5095 0.2583 0.1394, -0.5088 0.2583 0.14, -0.5089 0.2497 0.1407, -0.5079 0.2583 0.1407, -0.5073 0.2583 0.1409, -0.5071 0.2492 0.1415, -0.506 0.2583 0.1415, -0.5057 0.2583 0.1415, -0.5051 0.2487 0.1417, -0.5039 0.2583 0.1417, -0.5153 0.2434 0.1359, -0.5146 0.243 0.1378, -0.5135 0.2424 0.1394, -0.512 0.2416 0.1407, -0.5103 0.2407 0.1415, -0.5085 0.2398 0.1417, -0.5197 0.237 0.1359, -0.5191 0.2365 0.1378, -0.5182 0.2357 0.1394, -0.517 0.2346 0.1407, -0.5156 0.2333 0.1415, -0.514 0.2319 0.1417, -0.5255 0.2319 0.1359, -0.5251 0.2313 0.1378, -0.5244 0.2303 0.1394, -0.5235 0.2289 0.1407, -0.5224 0.2273 0.1415, -0.5213 0.2256 0.1417, -0.5324 -0.2284 0.1359, -0.5322 -0.2277 0.1378, -0.5317 -0.2265 0.1394, -0.5312 -0.225 0.1407, -0.5305 -0.2232 0.1415, -0.5298 -0.2213 0.1417, -0.5118 0.5039 0.1339, -0.5116 0.5039 0.1356, -0.5115 0.5039 0.1359, -0.511 0.5039 0.1373, -0.5108 0.5039 0.1378, -0.51 0.5039 0.1387, -0.5095 0.5039 0.1394, -0.5088 0.5039 0.14, -0.5079 0.5039 0.1407, -0.5073 0.5039 0.1409, -0.506 0.5039 0.1415, -0.5057 0.5039 0.1415, -0.5039 0.5039 0.1417, -0.5255 -0.2319 0.1359, -0.5251 -0.2313 0.1378, -0.5244 -0.2303 0.1394, -0.5235 -0.2289 0.1407, -0.5224 -0.2273 0.1415, -0.5213 -0.2256 0.1417, -0.5197 -0.237 0.1359, -0.5191 -0.2365 0.1378, -0.5182 -0.2357 0.1394, -0.517 -0.2346 0.1407, -0.5156 -0.2333 0.1415, -0.514 -0.2319 0.1417, -0.5153 -0.2434 0.1359, -0.5146 -0.243 0.1378, -0.5135 -0.2424 0.1394, -0.512 -0.2416 0.1407, -0.5103 -0.2407 0.1415, -0.5085 -0.2398 0.1417, -0.5125 -0.2506 0.1359, -0.5117 -0.2504 0.1378, -0.5105 -0.2501 0.1394, -0.5089 -0.2497 0.1407, -0.5071 -0.2492 0.1415, -0.5051 -0.2487 0.1417, -0.5115 -0.2583 0.1359, -0.5108 -0.2583 0.1378, -0.5095 -0.2583 0.1394, -0.5079 -0.2583 0.1407, -0.506 -0.2583 0.1415, -0.5039 -0.2583 0.1417, 0.5039 0.5039 0.1417, 0.5039 0.506 0.1415, -0.5039 0.506 0.1415, 0.5039 0.5079 0.1407, -0.5039 0.5079 0.1407, 0.5039 0.5095 0.1394, -0.5039 0.5095 0.1394, 0.5039 0.5108 0.1378, -0.5039 0.5108 0.1378, 0.5039 0.5115 0.1359, -0.5039 0.5115 0.1359, 0.5039 0.5118 0.1339, -0.5039 0.5118 0.1339, -0.5118 -0.5039 0.1339, -0.5115 -0.5039 0.1359, -0.5108 -0.5039 0.1378, -0.5095 -0.5039 0.1394, -0.5079 -0.5039 0.1407, -0.506 -0.5039 0.1415, -0.5039 -0.5039 0.1417, 0.5118 0.5039 0.1339, 0.5115 0.5039 0.1359, 0.5115 0.2583 0.1359, 0.5108 0.5039 0.1378, 0.5108 0.2583 0.1378, 0.5095 0.5039 0.1394, 0.5095 0.2583 0.1394, 0.5079 0.5039 0.1407, 0.5079 0.2583 0.1407, 0.506 0.5039 0.1415, 0.506 0.2583 0.1415, 0.5039 0.2583 0.1417, 0.5039 -0.5039 0.1417, -0.5039 -0.506 0.1415, 0.5039 -0.506 0.1415, -0.5039 -0.5079 0.1407, 0.5039 -0.5079 0.1407, -0.5039 -0.5095 0.1394, 0.5039 -0.5095 0.1394, -0.5039 -0.5108 0.1378, 0.5039 -0.5108 0.1378, -0.5039 -0.5115 0.1359, 0.5039 -0.5115 0.1359, -0.5039 -0.5118 0.1339, 0.5039 -0.5118 0.1339, 0.5324 0.2284 0.1359, 0.5255 0.2319 0.1359, 0.5322 0.2277 0.1378, 0.5251 0.2313 0.1378, 0.5317 0.2265 0.1394, 0.5244 0.2303 0.1394, 0.5312 0.225 0.1407, 0.5235 0.2289 0.1407, 0.5305 0.2232 0.1415, 0.5224 0.2273 0.1415, 0.5298 0.2213 0.1417, 0.5213 0.2256 0.1417, 0.5197 0.237 0.1359, 0.5191 0.2365 0.1378, 0.5182 0.2357 0.1394, 0.517 0.2346 0.1407, 0.5156 0.2333 0.1415, 0.514 0.2319 0.1417, 0.5153 0.2434 0.1359, 0.5146 0.243 0.1378, 0.5135 0.2424 0.1394, 0.512 0.2416 0.1407, 0.5103 0.2407 0.1415, 0.5085 0.2398 0.1417, 0.5125 0.2506 0.1359, 0.5117 0.2504 0.1378, 0.5105 0.2501 0.1394, 0.5089 0.2497 0.1407, 0.5071 0.2492 0.1415, 0.5051 0.2487 0.1417, 0.5118 -0.5039 0.1339, 0.5115 -0.2583 0.1359, 0.5115 -0.5039 0.1359, 0.5108 -0.2583 0.1378, 0.5108 -0.5039 0.1378, 0.5095 -0.2583 0.1394, 0.5095 -0.5039 0.1394, 0.5079 -0.2583 0.1407, 0.5079 -0.5039 0.1407, 0.506 -0.2583 0.1415, 0.506 -0.5039 0.1415, 0.5039 -0.2583 0.1417, 0.5697 0.2149 0.1359, 0.5695 0.2141 0.1378, 0.569 0.2129 0.1394, 0.5685 0.2114 0.1407, 0.5678 0.2096 0.1415, 0.5671 0.2077 0.1417, 0.5125 -0.2506 0.1359, 0.5117 -0.2504 0.1378, 0.5105 -0.2501 0.1394, 0.5089 -0.2497 0.1407, 0.5071 -0.2492 0.1415, 0.5051 -0.2487 0.1417, 0.5153 -0.2434 0.1359, 0.5146 -0.243 0.1378, 0.5135 -0.2424 0.1394, 0.512 -0.2416 0.1407, 0.5103 -0.2407 0.1415, 0.5085 -0.2398 0.1417, 0.5197 -0.237 0.1359, 0.5191 -0.2365 0.1378, 0.5182 -0.2357 0.1394, 0.517 -0.2346 0.1407, 0.5156 -0.2333 0.1415, 0.514 -0.2319 0.1417, 0.5255 -0.2319 0.1359, 0.5251 -0.2313 0.1378, 0.5244 -0.2303 0.1394, 0.5235 -0.2289 0.1407, 0.5224 -0.2273 0.1415, 0.5213 -0.2256 0.1417, 0.5324 -0.2284 0.1359, 0.5322 -0.2277 0.1378, 0.5317 -0.2265 0.1394, 0.5312 -0.225 0.1407, 0.5305 -0.2232 0.1415, 0.5298 -0.2213 0.1417, 0.5723 0.2051 0.1417, 0.5734 0.2068 0.1415, 0.5745 0.2084 0.1407, 0.5754 0.2097 0.1394, 0.5761 0.2107 0.1378, 0.5765 0.2114 0.1359, 0.5766 0.2013 0.1417, 0.5781 0.2027 0.1415, 0.5795 0.2039 0.1407, 0.5807 0.205 0.1394, 0.5817 0.2059 0.1378, 0.5823 0.2064 0.1359, 0.5799 0.1966 0.1417, 0.5817 0.1976 0.1415, 0.5834 0.1984 0.1407, 0.5848 0.1992 0.1394, 0.5859 0.1998 0.1378, 0.5866 0.2002 0.1359, 0.582 0.1912 0.1417, 0.584 0.1917 0.1415, 0.5858 0.1922 0.1407, 0.5874 0.1926 0.1394, 0.5886 0.1929 0.1378, 0.5894 0.1931 0.1359, 0.5827 0.1855 0.1417, 0.5847 0.1855 0.1415, 0.5866 0.1855 0.1407, 0.5882 0.1855 0.1394, 0.5895 0.1855 0.1378, 0.5903 0.1855 0.1359, 0.5697 -0.2149 0.1359, 0.5695 -0.2141 0.1378, 0.569 -0.2129 0.1394, 0.5685 -0.2114 0.1407, 0.5678 -0.2096 0.1415, 0.5671 -0.2077 0.1417, 0.5827 -0.1855 0.1417, 0.5847 -0.1855 0.1415, 0.5866 -0.1855 0.1407, 0.5882 -0.1855 0.1394, 0.5895 -0.1855 0.1378, 0.5903 -0.1855 0.1359, 0.582 -0.1912 0.1417, 0.584 -0.1917 0.1415, 0.5858 -0.1922 0.1407, 0.5874 -0.1926 0.1394, 0.5886 -0.1929 0.1378, 0.5894 -0.1931 0.1359, 0.5799 -0.1966 0.1417, 0.5817 -0.1976 0.1415, 0.5834 -0.1984 0.1407, 0.5848 -0.1992 0.1394, 0.5859 -0.1998 0.1378, 0.5866 -0.2002 0.1359, 0.5766 -0.2013 0.1417, 0.5781 -0.2027 0.1415, 0.5795 -0.2039 0.1407, 0.5807 -0.205 0.1394, 0.5817 -0.2059 0.1378, 0.5823 -0.2064 0.1359, 0.5723 -0.2051 0.1417, 0.5734 -0.2068 0.1415, 0.5745 -0.2084 0.1407, 0.5754 -0.2097 0.1394, 0.5761 -0.2107 0.1378, 0.5765 -0.2114 0.1359, 0.5118 -0.5039 0.0236, 0.5115 -0.506 0.1339, 0.5115 -0.506 0.0236, 0.5108 -0.5079 0.1339, 0.5108 -0.5079 0.0236, 0.5095 -0.5095 0.1339, 0.5095 -0.5095 0.0236, 0.5079 -0.5108 0.1339, 0.5079 -0.5108 0.0236, 0.506 -0.5115 0.1339, 0.506 -0.5115 0.0236, 0.5039 -0.5118 0.0236, 0.5113 -0.5059 0.1359, 0.5073 -0.5059 0.1407, 0.5057 -0.505 0.1415, 0.5054 -0.5054 0.1415, 0.5045 -0.5059 0.1415, 0.5059 -0.5045 0.1415, 0.5077 -0.505 0.1407, 0.5093 -0.5054 0.1394, 0.5067 -0.5067 0.1407, 0.505 -0.5057 0.1415, 0.5059 -0.5073 0.1407, 0.505 -0.5077 0.1407, 0.5088 -0.5067 0.1394, 0.5079 -0.5079 0.1394, 0.5067 -0.5088 0.1394, 0.5054 -0.5093 0.1394, 0.5105 -0.5057 0.1378, 0.5098 -0.5073 0.1378, 0.5088 -0.5088 0.1378, 0.5073 -0.5098 0.1378, 0.5057 -0.5105 0.1378, 0.5105 -0.5077 0.1359, 0.5093 -0.5093 0.1359, 0.5077 -0.5105 0.1359, 0.5059 -0.5113 0.1359, -0.5039 -0.5118 0.0236, -0.506 -0.5115 0.1339, -0.506 -0.5115 0.0236, -0.5079 -0.5108 0.1339, -0.5079 -0.5108 0.0236, -0.5095 -0.5095 0.1339, -0.5095 -0.5095 0.0236, -0.5108 -0.5079 0.1339, -0.5108 -0.5079 0.0236, -0.5115 -0.506 0.1339, -0.5115 -0.506 0.0236, -0.5118 -0.5039 0.0236, -0.5059 -0.5113 0.1359, -0.5059 -0.5073 0.1407, -0.505 -0.5057 0.1415, -0.5054 -0.5054 0.1415, -0.5059 -0.5045 0.1415, -0.5045 -0.5059 0.1415, -0.505 -0.5077 0.1407, -0.5054 -0.5093 0.1394, -0.5067 -0.5067 0.1407, -0.5057 -0.505 0.1415, -0.5073 -0.5059 0.1407, -0.5077 -0.505 0.1407, -0.5067 -0.5088 0.1394, -0.5079 -0.5079 0.1394, -0.5088 -0.5067 0.1394, -0.5093 -0.5054 0.1394, -0.5057 -0.5105 0.1378, -0.5073 -0.5098 0.1378, -0.5088 -0.5088 0.1378, -0.5098 -0.5073 0.1378, -0.5105 -0.5057 0.1378, -0.5077 -0.5105 0.1359, -0.5093 -0.5093 0.1359, -0.5105 -0.5077 0.1359, -0.5113 -0.5059 0.1359, -0.5118 0.5039 0.0236, -0.5115 0.506 0.1339, -0.5115 0.506 0.0236, -0.5108 0.5079 0.1339, -0.5108 0.5079 0.0236, -0.5095 0.5095 0.1339, -0.5095 0.5095 0.0236, -0.5079 0.5108 0.1339, -0.5079 0.5108 0.0236, -0.506 0.5115 0.1339, -0.506 0.5115 0.0236, -0.5039 0.5118 0.0236, -0.5105 0.5057 0.1378, -0.5093 0.5054 0.1394, -0.5077 0.505 0.1407, -0.5059 0.5045 0.1415, -0.5057 0.505 0.1415, -0.5045 0.5059 0.1415, -0.5067 0.5067 0.1407, -0.505 0.5057 0.1415, -0.5059 0.5073 0.1407, -0.505 0.5077 0.1407, -0.5073 0.5059 0.1407, -0.5054 0.5054 0.1415, -0.5088 0.5067 0.1394, -0.5079 0.5079 0.1394, -0.5067 0.5088 0.1394, -0.5054 0.5093 0.1394, -0.5098 0.5073 0.1378, -0.5088 0.5088 0.1378, -0.5073 0.5098 0.1378, -0.5057 0.5105 0.1378, -0.5113 0.5059 0.1359, -0.5105 0.5077 0.1359, -0.5093 0.5093 0.1359, -0.5077 0.5105 0.1359, -0.5059 0.5113 0.1359, 0.5039 0.5118 0.0236, 0.506 0.5115 0.1339, 0.506 0.5115 0.0236, 0.5079 0.5108 0.1339, 0.5079 0.5108 0.0236, 0.5095 0.5095 0.1339, 0.5095 0.5095 0.0236, 0.5108 0.5079 0.1339, 0.5108 0.5079 0.0236, 0.5115 0.506 0.1339, 0.5115 0.506 0.0236, 0.5118 0.5039 0.0236, 0.5059 0.5113 0.1359, 0.5059 0.5073 0.1407, 0.505 0.5057 0.1415, 0.5054 0.5054 0.1415, 0.5059 0.5045 0.1415, 0.5045 0.5059 0.1415, 0.505 0.5077 0.1407, 0.5054 0.5093 0.1394, 0.5067 0.5067 0.1407, 0.5057 0.505 0.1415, 0.5073 0.5059 0.1407, 0.5077 0.505 0.1407, 0.5067 0.5088 0.1394, 0.5079 0.5079 0.1394, 0.5088 0.5067 0.1394, 0.5093 0.5054 0.1394, 0.5057 0.5105 0.1378, 0.5073 0.5098 0.1378, 0.5088 0.5088 0.1378, 0.5098 0.5073 0.1378, 0.5105 0.5057 0.1378, 0.5077 0.5105 0.1359, 0.5093 0.5093 0.1359, 0.5105 0.5077 0.1359, 0.5113 0.5059 0.1359
            ]
        }
        coordIndex [
            0,1,2,-1,0,2,3,-1,3,2,4,-1,3,4,5,-1,5,4,6,-1,5,6,7,-1,7,6,8,-1,8,6,9,-1,8,9,10,-1,9,11,10,-1,10,11,12,-1,10,12,13,-1,13,12,14,-1,13,14,15,-1,15,14,16,-1,15,16,17,-1,17,16,18,-1,17,18,19,-1,7,20,5,-1,5,20,21,-1,5,21,3,-1,3,21,22,-1,3,22,0,-1,23,24,7,-1,7,24,25,-1,7,25,20,-1,19,26,17,-1,17,26,27,-1,17,27,15,-1,15,27,28,-1,15,28,13,-1,13,28,29,-1,13,29,10,-1,10,29,23,-1,10,23,8,-1,8,23,7,-1,30,31,9,-1,9,31,32,-1,9,32,11,-1,11,32,33,-1,11,33,12,-1,12,33,34,-1,12,34,14,-1,14,34,35,-1,14,35,16,-1,16,35,36,-1,16,36,18,-1,9,6,30,-1,30,6,4,-1,30,4,37,-1,37,4,2,-1,37,2,38,-1,38,2,1,-1,38,1,39,-1,40,41,28,-1,42,43,23,-1,44,45,25,-1,25,45,46,-1,25,46,20,-1,20,46,47,-1,20,47,21,-1,21,47,48,-1,21,48,22,-1,44,25,43,-1,43,25,24,-1,43,24,23,-1,42,23,41,-1,41,23,29,-1,41,29,28,-1,40,28,49,-1,49,28,27,-1,49,27,26,-1,50,36,51,-1,51,36,35,-1,51,35,52,-1,52,35,34,-1,52,34,53,-1,53,34,33,-1,53,33,54,-1,54,33,32,-1,54,32,55,-1,55,32,31,-1,55,31,56,-1,31,30,56,-1,56,30,37,-1,56,37,57,-1,57,37,38,-1,57,38,58,-1,58,38,39,-1,58,39,59,-1,60,48,47,-1,60,47,61,-1,61,47,46,-1,61,46,62,-1,62,46,45,-1,62,45,63,-1,63,45,44,-1,63,44,64,-1,64,44,43,-1,64,43,65,-1,65,43,42,-1,65,42,66,-1,66,42,41,-1,66,41,67,-1,67,41,40,-1,67,40,68,-1,68,40,49,-1,68,49,69,-1,70,50,51,-1,70,51,71,-1,71,51,52,-1,71,52,72,-1,72,52,53,-1,72,53,73,-1,73,53,54,-1,73,54,74,-1,74,54,55,-1,74,55,75,-1,75,55,56,-1,75,56,76,-1,76,56,57,-1,76,57,77,-1,77,57,58,-1,77,58,78,-1,78,58,59,-1,78,59,79,-1,80,60,61,-1,80,61,81,-1,81,61,62,-1,81,62,82,-1,82,62,63,-1,82,63,83,-1,83,63,84,-1,84,63,64,-1,84,64,65,-1,69,85,68,-1,68,85,86,-1,68,86,67,-1,67,86,87,-1,67,87,66,-1,66,87,88,-1,66,88,65,-1,65,88,89,-1,65,89,84,-1,90,91,70,-1,90,70,92,-1,70,71,92,-1,92,71,72,-1,92,72,93,-1,93,72,94,-1,94,72,73,-1,94,73,74,-1,75,95,74,-1,74,95,96,-1,74,96,94,-1,75,76,95,-1,95,76,77,-1,95,77,97,-1,97,77,78,-1,97,78,98,-1,98,78,79,-1,98,79,99,-1,100,80,81,-1,100,81,101,-1,101,81,82,-1,101,82,102,-1,102,82,83,-1,102,83,103,-1,103,83,104,-1,104,83,84,-1,104,84,89,-1,85,105,86,-1,86,105,106,-1,86,106,87,-1,87,106,107,-1,87,107,88,-1,88,107,108,-1,88,108,89,-1,89,108,109,-1,89,109,104,-1,94,96,110,-1,111,91,112,-1,112,91,90,-1,112,90,113,-1,113,90,92,-1,113,92,114,-1,114,92,93,-1,114,93,115,-1,115,93,94,-1,115,94,116,-1,116,94,110,-1,96,95,110,-1,110,95,97,-1,110,97,117,-1,117,97,98,-1,117,98,118,-1,118,98,99,-1,118,99,119,-1,119,100,101,-1,119,101,118,-1,118,101,102,-1,118,102,117,-1,117,102,103,-1,117,103,110,-1,110,103,116,-1,116,103,104,-1,116,104,115,-1,104,109,115,-1,115,109,108,-1,115,108,114,-1,114,108,107,-1,114,107,113,-1,113,107,106,-1,113,106,112,-1,112,106,105,-1,112,105,111,-1,120,121,122,-1,122,121,123,-1,124,125,126,-1,126,125,127,-1,128,129,130,-1,130,129,131,-1,132,133,134,-1,134,133,135,-1,134,135,136,-1,136,135,137,-1,136,137,138,-1,138,137,139,-1,138,139,140,-1,140,139,141,-1,140,141,142,-1,142,141,143,-1,142,143,144,-1,144,143,145,-1,146,147,148,-1,146,148,149,-1,149,148,150,-1,149,150,151,-1,151,150,152,-1,151,152,153,-1,153,152,154,-1,153,154,155,-1,155,154,133,-1,155,133,132,-1,156,157,158,-1,156,158,159,-1,159,158,160,-1,159,160,161,-1,161,160,162,-1,161,162,163,-1,163,162,164,-1,163,164,165,-1,165,164,122,-1,165,122,123,-1,121,120,166,-1,166,120,167,-1,166,167,168,-1,168,167,169,-1,168,169,170,-1,170,169,171,-1,170,171,172,-1,172,171,173,-1,172,173,174,-1,174,173,175,-1,126,127,176,-1,176,127,177,-1,176,177,178,-1,178,177,179,-1,178,179,180,-1,180,179,181,-1,180,181,182,-1,182,181,183,-1,182,183,184,-1,184,183,185,-1,186,187,188,-1,186,188,189,-1,189,188,190,-1,189,190,191,-1,191,190,192,-1,191,192,193,-1,193,192,194,-1,193,194,195,-1,195,194,125,-1,195,125,124,-1,196,197,198,-1,196,198,199,-1,199,198,200,-1,199,200,201,-1,201,200,202,-1,201,202,203,-1,203,202,204,-1,203,204,205,-1,205,204,130,-1,205,130,131,-1,129,128,206,-1,206,128,207,-1,206,207,208,-1,208,207,209,-1,208,209,210,-1,210,209,211,-1,210,211,212,-1,212,211,213,-1,212,213,214,-1,214,213,215,-1,216,217,218,-1,218,217,219,-1,218,219,220,-1,220,219,221,-1,220,221,222,-1,222,221,223,-1,222,223,224,-1,224,223,225,-1,224,225,226,-1,226,225,227,-1,226,227,197,-1,197,227,198,-1,217,228,219,-1,219,228,229,-1,219,229,221,-1,221,229,230,-1,221,230,223,-1,223,230,231,-1,223,231,225,-1,225,231,232,-1,225,232,227,-1,227,232,233,-1,227,233,198,-1,198,233,200,-1,228,234,229,-1,229,234,235,-1,229,235,230,-1,230,235,236,-1,230,236,231,-1,231,236,237,-1,231,237,232,-1,232,237,238,-1,232,238,233,-1,233,238,239,-1,233,239,200,-1,200,239,202,-1,234,240,235,-1,235,240,241,-1,235,241,236,-1,236,241,242,-1,236,242,237,-1,237,242,243,-1,237,243,238,-1,238,243,244,-1,238,244,239,-1,239,244,245,-1,239,245,202,-1,202,245,204,-1,240,246,241,-1,241,246,247,-1,241,247,242,-1,242,247,248,-1,242,248,243,-1,243,248,249,-1,243,249,244,-1,244,249,250,-1,244,250,245,-1,245,250,251,-1,245,251,204,-1,204,251,130,-1,252,216,218,-1,252,218,253,-1,253,218,220,-1,253,220,254,-1,254,220,222,-1,254,222,255,-1,255,222,224,-1,255,224,256,-1,256,224,226,-1,256,226,257,-1,257,226,197,-1,257,197,186,-1,128,130,251,-1,128,251,258,-1,258,251,250,-1,258,250,259,-1,259,250,249,-1,259,249,260,-1,260,249,248,-1,260,248,261,-1,261,248,247,-1,261,247,262,-1,262,247,246,-1,262,246,263,-1,264,265,266,-1,266,265,267,-1,266,267,268,-1,268,267,269,-1,268,269,270,-1,270,269,271,-1,270,271,272,-1,272,271,273,-1,272,273,274,-1,274,273,275,-1,274,275,124,-1,124,275,195,-1,265,276,267,-1,267,276,277,-1,267,277,269,-1,269,277,278,-1,269,278,271,-1,271,278,279,-1,271,279,273,-1,273,279,280,-1,273,280,275,-1,275,280,281,-1,275,281,195,-1,195,281,193,-1,276,282,277,-1,277,282,283,-1,277,283,278,-1,278,283,284,-1,278,284,279,-1,279,284,285,-1,279,285,280,-1,280,285,286,-1,280,286,281,-1,281,286,287,-1,281,287,193,-1,193,287,191,-1,282,288,283,-1,283,288,289,-1,283,289,284,-1,284,289,290,-1,284,290,285,-1,285,290,291,-1,285,291,286,-1,286,291,292,-1,286,292,287,-1,287,292,293,-1,287,293,191,-1,191,293,189,-1,288,252,289,-1,289,252,253,-1,289,253,290,-1,290,253,254,-1,290,254,291,-1,291,254,255,-1,291,255,292,-1,292,255,256,-1,292,256,293,-1,293,256,257,-1,293,257,189,-1,189,257,186,-1,215,213,294,-1,294,213,295,-1,294,295,296,-1,296,295,297,-1,297,295,298,-1,297,298,299,-1,299,298,300,-1,300,298,301,-1,300,301,302,-1,302,301,303,-1,303,301,304,-1,303,304,305,-1,305,304,306,-1,306,304,307,-1,306,307,308,-1,308,307,309,-1,309,307,310,-1,309,310,311,-1,213,211,295,-1,295,211,312,-1,295,312,298,-1,298,312,313,-1,298,313,301,-1,301,313,314,-1,301,314,304,-1,304,314,315,-1,304,315,307,-1,307,315,316,-1,307,316,310,-1,310,316,317,-1,211,209,312,-1,312,209,318,-1,312,318,313,-1,313,318,319,-1,313,319,314,-1,314,319,320,-1,314,320,315,-1,315,320,321,-1,315,321,316,-1,316,321,322,-1,316,322,317,-1,317,322,323,-1,209,207,318,-1,318,207,324,-1,318,324,319,-1,319,324,325,-1,319,325,320,-1,320,325,326,-1,320,326,321,-1,321,326,327,-1,321,327,322,-1,322,327,328,-1,322,328,323,-1,323,328,329,-1,207,128,324,-1,324,128,258,-1,324,258,325,-1,325,258,259,-1,325,259,326,-1,326,259,260,-1,326,260,327,-1,327,260,261,-1,327,261,328,-1,328,261,262,-1,328,262,329,-1,329,262,263,-1,124,126,330,-1,124,330,274,-1,274,330,331,-1,274,331,272,-1,272,331,332,-1,272,332,270,-1,270,332,333,-1,270,333,268,-1,268,333,334,-1,268,334,266,-1,266,334,335,-1,266,335,264,-1,215,294,336,-1,336,294,337,-1,337,294,338,-1,338,294,296,-1,338,296,339,-1,339,296,297,-1,339,297,340,-1,340,297,299,-1,340,299,341,-1,341,299,300,-1,341,300,342,-1,342,300,302,-1,342,302,343,-1,343,302,303,-1,343,303,344,-1,344,303,305,-1,344,305,345,-1,345,305,306,-1,345,306,346,-1,346,306,308,-1,346,308,347,-1,308,309,347,-1,347,309,311,-1,347,311,348,-1,126,176,330,-1,330,176,349,-1,330,349,331,-1,331,349,350,-1,331,350,332,-1,332,350,351,-1,332,351,333,-1,333,351,352,-1,333,352,334,-1,334,352,353,-1,334,353,335,-1,335,353,354,-1,176,178,349,-1,349,178,355,-1,349,355,350,-1,350,355,356,-1,350,356,351,-1,351,356,357,-1,351,357,352,-1,352,357,358,-1,352,358,353,-1,353,358,359,-1,353,359,354,-1,354,359,360,-1,178,180,355,-1,355,180,361,-1,355,361,356,-1,356,361,362,-1,356,362,357,-1,357,362,363,-1,357,363,358,-1,358,363,364,-1,358,364,359,-1,359,364,365,-1,359,365,360,-1,360,365,366,-1,180,182,361,-1,361,182,367,-1,361,367,362,-1,362,367,368,-1,362,368,363,-1,363,368,369,-1,363,369,364,-1,364,369,370,-1,364,370,365,-1,365,370,371,-1,365,371,366,-1,366,371,372,-1,182,184,367,-1,367,184,373,-1,367,373,368,-1,368,373,374,-1,368,374,369,-1,369,374,375,-1,369,375,370,-1,370,375,376,-1,370,376,371,-1,371,376,377,-1,371,377,372,-1,372,377,378,-1,348,379,380,-1,348,380,381,-1,381,380,382,-1,381,382,383,-1,383,382,384,-1,383,384,385,-1,385,384,386,-1,385,386,387,-1,387,386,388,-1,387,388,389,-1,389,388,390,-1,389,390,391,-1,184,392,393,-1,184,393,373,-1,373,393,394,-1,373,394,374,-1,374,394,395,-1,374,395,375,-1,375,395,396,-1,375,396,376,-1,376,396,397,-1,376,397,377,-1,377,397,398,-1,377,398,378,-1,144,399,400,-1,144,400,401,-1,401,400,402,-1,401,402,403,-1,403,402,404,-1,403,404,405,-1,405,404,406,-1,405,406,407,-1,407,406,408,-1,407,408,409,-1,409,408,379,-1,409,379,410,-1,411,398,412,-1,411,412,413,-1,413,412,414,-1,413,414,415,-1,415,414,416,-1,415,416,417,-1,417,416,418,-1,417,418,419,-1,419,418,420,-1,419,420,421,-1,421,420,422,-1,421,422,423,-1,134,136,424,-1,424,136,425,-1,424,425,426,-1,426,425,427,-1,426,427,428,-1,428,427,429,-1,428,429,430,-1,430,429,431,-1,430,431,432,-1,432,431,433,-1,432,433,434,-1,434,433,435,-1,136,138,425,-1,425,138,436,-1,425,436,427,-1,427,436,437,-1,427,437,429,-1,429,437,438,-1,429,438,431,-1,431,438,439,-1,431,439,433,-1,433,439,440,-1,433,440,435,-1,435,440,441,-1,138,140,436,-1,436,140,442,-1,436,442,437,-1,437,442,443,-1,437,443,438,-1,438,443,444,-1,438,444,439,-1,439,444,445,-1,439,445,440,-1,440,445,446,-1,440,446,441,-1,441,446,447,-1,140,142,442,-1,442,142,448,-1,442,448,443,-1,443,448,449,-1,443,449,444,-1,444,449,450,-1,444,450,445,-1,445,450,451,-1,445,451,446,-1,446,451,452,-1,446,452,447,-1,447,452,453,-1,142,144,448,-1,448,144,401,-1,448,401,449,-1,449,401,403,-1,449,403,450,-1,450,403,405,-1,450,405,451,-1,451,405,407,-1,451,407,452,-1,452,407,409,-1,452,409,453,-1,453,409,410,-1,454,175,455,-1,454,455,456,-1,456,455,457,-1,456,457,458,-1,458,457,459,-1,458,459,460,-1,460,459,461,-1,460,461,462,-1,462,461,463,-1,462,463,464,-1,464,463,465,-1,464,465,411,-1,132,134,424,-1,132,424,466,-1,466,424,426,-1,466,426,467,-1,467,426,428,-1,467,428,468,-1,468,428,430,-1,468,430,469,-1,469,430,432,-1,469,432,470,-1,470,432,434,-1,470,434,471,-1,175,173,455,-1,455,173,472,-1,455,472,457,-1,457,472,473,-1,457,473,459,-1,459,473,474,-1,459,474,461,-1,461,474,475,-1,461,475,463,-1,463,475,476,-1,463,476,465,-1,465,476,477,-1,173,171,472,-1,472,171,478,-1,472,478,473,-1,473,478,479,-1,473,479,474,-1,474,479,480,-1,474,480,475,-1,475,480,481,-1,475,481,476,-1,476,481,482,-1,476,482,477,-1,477,482,483,-1,171,169,478,-1,478,169,484,-1,478,484,479,-1,479,484,485,-1,479,485,480,-1,480,485,486,-1,480,486,481,-1,481,486,487,-1,481,487,482,-1,482,487,488,-1,482,488,483,-1,483,488,489,-1,169,167,484,-1,484,167,490,-1,484,490,485,-1,485,490,491,-1,485,491,486,-1,486,491,492,-1,486,492,487,-1,487,492,493,-1,487,493,488,-1,488,493,494,-1,488,494,489,-1,489,494,495,-1,167,120,490,-1,490,120,496,-1,490,496,491,-1,491,496,497,-1,491,497,492,-1,492,497,498,-1,492,498,493,-1,493,498,499,-1,493,499,494,-1,494,499,500,-1,494,500,495,-1,495,500,501,-1,471,502,470,-1,470,502,503,-1,470,503,469,-1,469,503,504,-1,469,504,468,-1,468,504,505,-1,468,505,467,-1,467,505,506,-1,467,506,466,-1,466,506,507,-1,466,507,132,-1,132,507,155,-1,502,508,503,-1,503,508,509,-1,503,509,504,-1,504,509,510,-1,504,510,505,-1,505,510,511,-1,505,511,506,-1,506,511,512,-1,506,512,507,-1,507,512,513,-1,507,513,155,-1,155,513,153,-1,508,514,509,-1,509,514,515,-1,509,515,510,-1,510,515,516,-1,510,516,511,-1,511,516,517,-1,511,517,512,-1,512,517,518,-1,512,518,513,-1,513,518,519,-1,513,519,153,-1,153,519,151,-1,514,520,515,-1,515,520,521,-1,515,521,516,-1,516,521,522,-1,516,522,517,-1,517,522,523,-1,517,523,518,-1,518,523,524,-1,518,524,519,-1,519,524,525,-1,519,525,151,-1,151,525,149,-1,520,526,521,-1,521,526,527,-1,521,527,522,-1,522,527,528,-1,522,528,523,-1,523,528,529,-1,523,529,524,-1,524,529,530,-1,524,530,525,-1,525,530,531,-1,525,531,149,-1,149,531,146,-1,120,122,532,-1,120,532,496,-1,496,532,533,-1,496,533,497,-1,497,533,534,-1,497,534,498,-1,498,534,535,-1,498,535,499,-1,499,535,536,-1,499,536,500,-1,500,536,537,-1,500,537,501,-1,526,538,539,-1,526,539,527,-1,527,539,540,-1,527,540,528,-1,528,540,541,-1,528,541,529,-1,529,541,542,-1,529,542,530,-1,530,542,543,-1,530,543,531,-1,531,543,157,-1,531,157,146,-1,538,544,539,-1,539,544,545,-1,539,545,540,-1,540,545,546,-1,540,546,541,-1,541,546,547,-1,541,547,542,-1,542,547,548,-1,542,548,543,-1,543,548,549,-1,543,549,157,-1,157,549,158,-1,544,550,545,-1,545,550,551,-1,545,551,546,-1,546,551,552,-1,546,552,547,-1,547,552,553,-1,547,553,548,-1,548,553,554,-1,548,554,549,-1,549,554,555,-1,549,555,158,-1,158,555,160,-1,550,556,551,-1,551,556,557,-1,551,557,552,-1,552,557,558,-1,552,558,553,-1,553,558,559,-1,553,559,554,-1,554,559,560,-1,554,560,555,-1,555,560,561,-1,555,561,160,-1,160,561,162,-1,556,562,557,-1,557,562,563,-1,557,563,558,-1,558,563,564,-1,558,564,559,-1,559,564,565,-1,559,565,560,-1,560,565,566,-1,560,566,561,-1,561,566,567,-1,561,567,162,-1,162,567,164,-1,562,537,563,-1,563,537,536,-1,563,536,564,-1,564,536,535,-1,564,535,565,-1,565,535,534,-1,565,534,566,-1,566,534,533,-1,566,533,567,-1,567,533,532,-1,567,532,164,-1,164,532,122,-1,568,454,569,-1,568,569,570,-1,570,569,571,-1,570,571,572,-1,572,571,573,-1,572,573,574,-1,574,573,575,-1,574,575,576,-1,576,575,577,-1,576,577,578,-1,578,577,423,-1,578,423,579,-1,454,456,580,-1,581,582,583,-1,411,413,584,-1,583,582,411,-1,585,411,582,-1,585,582,586,-1,586,582,581,-1,586,581,587,-1,464,411,585,-1,588,589,590,-1,590,589,584,-1,590,584,591,-1,591,584,413,-1,591,413,415,-1,464,585,462,-1,462,585,586,-1,462,586,460,-1,460,586,587,-1,460,587,458,-1,592,588,593,-1,593,588,590,-1,593,590,594,-1,594,590,591,-1,594,591,595,-1,595,591,415,-1,595,415,417,-1,596,592,597,-1,597,592,593,-1,597,593,598,-1,598,593,594,-1,598,594,599,-1,599,594,595,-1,599,595,600,-1,600,595,417,-1,600,417,419,-1,456,596,580,-1,580,596,597,-1,580,597,601,-1,601,597,598,-1,601,598,602,-1,602,598,599,-1,602,599,603,-1,603,599,600,-1,603,600,604,-1,604,600,419,-1,604,419,421,-1,454,580,569,-1,569,580,601,-1,569,601,571,-1,571,601,602,-1,571,602,573,-1,573,602,603,-1,573,603,575,-1,575,603,604,-1,575,604,577,-1,577,604,421,-1,577,421,423,-1,589,411,584,-1,456,458,596,-1,596,458,587,-1,596,587,592,-1,592,587,581,-1,592,581,588,-1,588,581,583,-1,588,583,589,-1,589,583,411,-1,605,422,606,-1,605,606,607,-1,607,606,608,-1,607,608,609,-1,609,608,610,-1,609,610,611,-1,611,610,612,-1,611,612,613,-1,613,612,614,-1,613,614,615,-1,615,614,392,-1,615,392,616,-1,422,420,617,-1,618,619,620,-1,398,397,621,-1,620,619,398,-1,622,398,619,-1,622,619,623,-1,623,619,618,-1,623,618,624,-1,412,398,622,-1,625,626,627,-1,627,626,621,-1,627,621,628,-1,628,621,397,-1,628,397,396,-1,412,622,414,-1,414,622,623,-1,414,623,416,-1,416,623,624,-1,416,624,418,-1,629,625,630,-1,630,625,627,-1,630,627,631,-1,631,627,628,-1,631,628,632,-1,632,628,396,-1,632,396,395,-1,633,629,634,-1,634,629,630,-1,634,630,635,-1,635,630,631,-1,635,631,636,-1,636,631,632,-1,636,632,637,-1,637,632,395,-1,637,395,394,-1,420,633,617,-1,617,633,634,-1,617,634,638,-1,638,634,635,-1,638,635,639,-1,639,635,636,-1,639,636,640,-1,640,636,637,-1,640,637,641,-1,641,637,394,-1,641,394,393,-1,422,617,606,-1,606,617,638,-1,606,638,608,-1,608,638,639,-1,608,639,610,-1,610,639,640,-1,610,640,612,-1,612,640,641,-1,612,641,614,-1,614,641,393,-1,614,393,392,-1,626,398,621,-1,420,418,633,-1,633,418,624,-1,633,624,629,-1,629,624,618,-1,629,618,625,-1,625,618,620,-1,625,620,626,-1,626,620,398,-1,642,336,643,-1,642,643,644,-1,644,643,645,-1,644,645,646,-1,646,645,647,-1,646,647,648,-1,648,647,649,-1,648,649,650,-1,650,649,651,-1,650,651,652,-1,652,651,391,-1,652,391,653,-1,339,340,654,-1,341,342,655,-1,656,657,658,-1,348,381,659,-1,658,657,348,-1,347,348,657,-1,343,344,656,-1,656,344,345,-1,656,345,657,-1,657,345,346,-1,657,346,347,-1,660,661,662,-1,662,661,659,-1,662,659,663,-1,663,659,381,-1,663,381,383,-1,342,343,655,-1,655,343,656,-1,655,656,664,-1,664,656,658,-1,664,658,665,-1,665,658,348,-1,666,660,667,-1,667,660,662,-1,667,662,668,-1,668,662,663,-1,668,663,669,-1,669,663,383,-1,669,383,385,-1,654,666,670,-1,670,666,667,-1,670,667,671,-1,671,667,668,-1,671,668,672,-1,672,668,669,-1,672,669,673,-1,673,669,385,-1,673,385,387,-1,337,338,674,-1,674,338,339,-1,339,654,674,-1,674,654,670,-1,674,670,675,-1,675,670,671,-1,675,671,676,-1,676,671,672,-1,676,672,677,-1,677,672,673,-1,677,673,678,-1,678,673,387,-1,678,387,389,-1,643,336,337,-1,337,674,643,-1,643,674,675,-1,643,675,645,-1,645,675,676,-1,645,676,647,-1,647,676,677,-1,647,677,649,-1,649,677,678,-1,649,678,651,-1,651,678,389,-1,651,389,391,-1,661,348,659,-1,340,341,654,-1,654,341,655,-1,654,655,666,-1,666,655,664,-1,666,664,660,-1,660,664,665,-1,660,665,661,-1,661,665,348,-1,679,390,680,-1,679,680,681,-1,681,680,682,-1,681,682,683,-1,683,682,684,-1,683,684,685,-1,685,684,686,-1,685,686,687,-1,687,686,688,-1,687,688,689,-1,689,688,399,-1,689,399,690,-1,390,388,691,-1,692,693,694,-1,379,408,695,-1,694,693,379,-1,696,379,693,-1,696,693,697,-1,697,693,692,-1,697,692,698,-1,380,379,696,-1,699,700,701,-1,701,700,695,-1,701,695,702,-1,702,695,408,-1,702,408,406,-1,380,696,382,-1,382,696,697,-1,382,697,384,-1,384,697,698,-1,384,698,386,-1,703,699,704,-1,704,699,701,-1,704,701,705,-1,705,701,702,-1,705,702,706,-1,706,702,406,-1,706,406,404,-1,707,703,708,-1,708,703,704,-1,708,704,709,-1,709,704,705,-1,709,705,710,-1,710,705,706,-1,710,706,711,-1,711,706,404,-1,711,404,402,-1,388,707,691,-1,691,707,708,-1,691,708,712,-1,712,708,709,-1,712,709,713,-1,713,709,710,-1,713,710,714,-1,714,710,711,-1,714,711,715,-1,715,711,402,-1,715,402,400,-1,390,691,680,-1,680,691,712,-1,680,712,682,-1,682,712,713,-1,682,713,684,-1,684,713,714,-1,684,714,686,-1,686,714,715,-1,686,715,688,-1,688,715,400,-1,688,400,399,-1,700,379,695,-1,388,386,707,-1,707,386,698,-1,707,698,703,-1,703,698,692,-1,703,692,699,-1,699,692,694,-1,699,694,700,-1,700,694,379,-1,
        ]
    }
}
Shape{
    appearance Appearance {
        material  Material 	{
            diffuseColor 1.0 0.984313725490196 0.9411764705882353
            specularColor 0.5019607843137255 0.49411764705882355 0.47058823529411764
            ambientIntensity 0.9841
            transparency 0.0
            shininess 0.5
        }
    }
    geometry IndexedFaceSet {
        ccw TRUE
        solid FALSE
        coord DEF co Coordinate {
            point [
                0.2221 -0.0472 0.1535, 0.2258 -0.0237 0.1535, 0.0 0.0 0.1535, 0.2271 0.0 0.1535, 0.2258 0.0237 0.1535, 0.1967 -0.1135 0.1535, 0.2075 -0.0924 0.1535, 0.216 -0.0702 0.1535, 0.152 -0.1688 0.1535, 0.1688 -0.152 0.1535, 0.1837 -0.1335 0.1535, 0.0924 -0.2075 0.1535, 0.1135 -0.1967 0.1535, 0.1335 -0.1837 0.1535, 0.0237 -0.2258 0.1535, 0.0472 -0.2221 0.1535, 0.0702 -0.216 0.1535, -0.0472 -0.2221 0.1535, -0.0237 -0.2258 0.1535, 0.0 -0.2271 0.1535, -0.1135 -0.1967 0.1535, -0.0924 -0.2075 0.1535, -0.0702 -0.216 0.1535, -0.1688 -0.152 0.1535, -0.152 -0.1688 0.1535, -0.1335 -0.1837 0.1535, -0.2075 -0.0924 0.1535, -0.1967 -0.1135 0.1535, -0.1837 -0.1335 0.1535, -0.2258 -0.0237 0.1535, -0.2221 -0.0472 0.1535, -0.216 -0.0702 0.1535, -0.2221 0.0472 0.1535, -0.2258 0.0237 0.1535, -0.2271 0.0 0.1535, -0.1967 0.1135 0.1535, -0.2075 0.0924 0.1535, -0.216 0.0702 0.1535, -0.152 0.1688 0.1535, -0.1688 0.152 0.1535, -0.1837 0.1335 0.1535, -0.0924 0.2075 0.1535, -0.1135 0.1967 0.1535, -0.1335 0.1837 0.1535, -0.0237 0.2258 0.1535, -0.0472 0.2221 0.1535, -0.0702 0.216 0.1535, 0.0472 0.2221 0.1535, 0.0237 0.2258 0.1535, 0.0 0.2271 0.1535, 0.1135 0.1967 0.1535, 0.0924 0.2075 0.1535, 0.0702 0.216 0.1535, 0.1688 0.152 0.1535, 0.152 0.1688 0.1535, 0.1335 0.1837 0.1535, 0.2075 0.0924 0.1535, 0.1967 0.1135 0.1535, 0.1837 0.1335 0.1535, 0.2221 0.0472 0.1535, 0.216 0.0702 0.1535, -0.3937 0.0 0.1417, -0.3365 0.0354 0.1483, -0.3915 0.0412 0.1417, -0.331 0.0704 0.1483, -0.3851 0.0819 0.1417, -0.3218 0.1046 0.1483, -0.3744 0.1217 0.1417, -0.3091 0.1376 0.1483, -0.3597 0.1601 0.1417, -0.293 0.1692 0.1483, -0.341 0.1969 0.1417, -0.2737 0.1989 0.1483, -0.3185 0.2314 0.1417, -0.2515 0.2264 0.1483, -0.2926 0.2634 0.1417, -0.2264 0.2515 0.1483, -0.2634 0.2926 0.1417, -0.1989 0.2737 0.1483, -0.2314 0.3185 0.1417, -0.1692 0.293 0.1483, -0.1969 0.341 0.1417, -0.1376 0.3091 0.1483, -0.1601 0.3597 0.1417, -0.1046 0.3218 0.1483, -0.1217 0.3744 0.1417, -0.0704 0.331 0.1483, -0.0819 0.3851 0.1417, -0.0354 0.3365 0.1483, -0.0412 0.3915 0.1417, 0.0 0.3384 0.1483, 0.0 0.3937 0.1417, 0.0354 0.3365 0.1483, 0.0412 0.3915 0.1417, 0.0704 0.331 0.1483, 0.0819 0.3851 0.1417, 0.1046 0.3218 0.1483, 0.1217 0.3744 0.1417, 0.1376 0.3091 0.1483, 0.1601 0.3597 0.1417, 0.1692 0.293 0.1483, 0.1969 0.341 0.1417, 0.1989 0.2737 0.1483, 0.2314 0.3185 0.1417, 0.2264 0.2515 0.1483, 0.2634 0.2926 0.1417, 0.2515 0.2264 0.1483, 0.2926 0.2634 0.1417, 0.2737 0.1989 0.1483, 0.3185 0.2314 0.1417, 0.293 0.1692 0.1483, 0.341 0.1969 0.1417, 0.3091 0.1376 0.1483, 0.3597 0.1601 0.1417, 0.3218 0.1046 0.1483, 0.3744 0.1217 0.1417, 0.331 0.0704 0.1483, 0.3851 0.0819 0.1417, 0.3365 0.0354 0.1483, 0.3915 0.0412 0.1417, 0.3384 0.0 0.1483, 0.3937 0.0 0.1417, 0.3365 -0.0354 0.1483, 0.3915 -0.0412 0.1417, 0.331 -0.0704 0.1483, 0.3851 -0.0819 0.1417, 0.3218 -0.1046 0.1483, 0.3744 -0.1217 0.1417, 0.3091 -0.1376 0.1483, 0.3597 -0.1601 0.1417, 0.293 -0.1692 0.1483, 0.341 -0.1969 0.1417, 0.2737 -0.1989 0.1483, 0.3185 -0.2314 0.1417, 0.2515 -0.2264 0.1483, 0.2926 -0.2634 0.1417, 0.2264 -0.2515 0.1483, 0.2634 -0.2926 0.1417, 0.1989 -0.2737 0.1483, 0.2314 -0.3185 0.1417, 0.1692 -0.293 0.1483, 0.1969 -0.341 0.1417, 0.1376 -0.3091 0.1483, 0.1601 -0.3597 0.1417, 0.1046 -0.3218 0.1483, 0.1217 -0.3744 0.1417, 0.0704 -0.331 0.1483, 0.0819 -0.3851 0.1417, 0.0354 -0.3365 0.1483, 0.0412 -0.3915 0.1417, 0.0 -0.3384 0.1483, 0.0 -0.3937 0.1417, -0.0354 -0.3365 0.1483, -0.0412 -0.3915 0.1417, -0.0704 -0.331 0.1483, -0.0819 -0.3851 0.1417, -0.1046 -0.3218 0.1483, -0.1217 -0.3744 0.1417, -0.1376 -0.3091 0.1483, -0.1601 -0.3597 0.1417, -0.1692 -0.293 0.1483, -0.1969 -0.341 0.1417, -0.1989 -0.2737 0.1483, -0.2314 -0.3185 0.1417, -0.2264 -0.2515 0.1483, -0.2634 -0.2926 0.1417, -0.2515 -0.2264 0.1483, -0.2926 -0.2634 0.1417, -0.2737 -0.1989 0.1483, -0.3185 -0.2314 0.1417, -0.293 -0.1692 0.1483, -0.341 -0.1969 0.1417, -0.3091 -0.1376 0.1483, -0.3597 -0.1601 0.1417, -0.3218 -0.1046 0.1483, -0.3744 -0.1217 0.1417, -0.331 -0.0704 0.1483, -0.3851 -0.0819 0.1417, -0.3365 -0.0354 0.1483, -0.3915 -0.0412 0.1417, -0.3384 0.0 0.1483, -0.2812 0.0296 0.1522, -0.2766 0.0588 0.1522, -0.2689 0.0874 0.1522, -0.2583 0.115 0.1522, -0.2449 0.1414 0.1522, -0.2288 0.1662 0.1522, -0.2102 0.1892 0.1522, -0.1892 0.2102 0.1522, -0.1662 0.2288 0.1522, -0.1414 0.2449 0.1522, -0.115 0.2583 0.1522, -0.0874 0.2689 0.1522, -0.0588 0.2766 0.1522, -0.0296 0.2812 0.1522, 0.0 0.2828 0.1522, 0.0296 0.2812 0.1522, 0.0588 0.2766 0.1522, 0.0874 0.2689 0.1522, 0.115 0.2583 0.1522, 0.1414 0.2449 0.1522, 0.1662 0.2288 0.1522, 0.1892 0.2102 0.1522, 0.2102 0.1892 0.1522, 0.2288 0.1662 0.1522, 0.2449 0.1414 0.1522, 0.2583 0.115 0.1522, 0.2689 0.0874 0.1522, 0.2766 0.0588 0.1522, 0.2812 0.0296 0.1522, 0.2828 0.0 0.1522, 0.2812 -0.0296 0.1522, 0.2766 -0.0588 0.1522, 0.2689 -0.0874 0.1522, 0.2583 -0.115 0.1522, 0.2449 -0.1414 0.1522, 0.2288 -0.1662 0.1522, 0.2102 -0.1892 0.1522, 0.1892 -0.2102 0.1522, 0.1662 -0.2288 0.1522, 0.1414 -0.2449 0.1522, 0.115 -0.2583 0.1522, 0.0874 -0.2689 0.1522, 0.0588 -0.2766 0.1522, 0.0296 -0.2812 0.1522, 0.0 -0.2828 0.1522, -0.0296 -0.2812 0.1522, -0.0588 -0.2766 0.1522, -0.0874 -0.2689 0.1522, -0.115 -0.2583 0.1522, -0.1414 -0.2449 0.1522, -0.1662 -0.2288 0.1522, -0.1892 -0.2102 0.1522, -0.2102 -0.1892 0.1522, -0.2288 -0.1662 0.1522, -0.2449 -0.1414 0.1522, -0.2583 -0.115 0.1522, -0.2689 -0.0874 0.1522, -0.2766 -0.0588 0.1522, -0.2812 -0.0296 0.1522, -0.2828 0.0 0.1522
            ]
        }
        coordIndex [
            0,1,2,-1,2,1,3,-1,2,3,4,-1,5,6,2,-1,2,6,7,-1,2,7,0,-1,8,9,2,-1,2,9,10,-1,2,10,5,-1,11,12,2,-1,2,12,13,-1,2,13,8,-1,14,15,2,-1,2,15,16,-1,2,16,11,-1,17,18,2,-1,2,18,19,-1,2,19,14,-1,20,21,2,-1,2,21,22,-1,2,22,17,-1,23,24,2,-1,2,24,25,-1,2,25,20,-1,26,27,2,-1,2,27,28,-1,2,28,23,-1,29,30,2,-1,2,30,31,-1,2,31,26,-1,32,33,2,-1,2,33,34,-1,2,34,29,-1,35,36,2,-1,2,36,37,-1,2,37,32,-1,38,39,2,-1,2,39,40,-1,2,40,35,-1,41,42,2,-1,2,42,43,-1,2,43,38,-1,44,45,2,-1,2,45,46,-1,2,46,41,-1,47,48,2,-1,2,48,49,-1,2,49,44,-1,50,51,2,-1,2,51,52,-1,2,52,47,-1,53,54,2,-1,2,54,55,-1,2,55,50,-1,56,57,2,-1,2,57,58,-1,2,58,53,-1,4,59,2,-1,2,59,60,-1,2,60,56,-1,61,62,63,-1,63,62,64,-1,63,64,65,-1,65,64,66,-1,65,66,67,-1,67,66,68,-1,67,68,69,-1,69,68,70,-1,69,70,71,-1,71,70,72,-1,71,72,73,-1,73,72,74,-1,73,74,75,-1,75,74,76,-1,75,76,77,-1,77,76,78,-1,77,78,79,-1,79,78,80,-1,79,80,81,-1,81,80,82,-1,81,82,83,-1,83,82,84,-1,83,84,85,-1,85,84,86,-1,85,86,87,-1,87,86,88,-1,87,88,89,-1,89,88,90,-1,89,90,91,-1,91,90,92,-1,91,92,93,-1,93,92,94,-1,93,94,95,-1,95,94,96,-1,95,96,97,-1,97,96,98,-1,97,98,99,-1,99,98,100,-1,99,100,101,-1,101,100,102,-1,101,102,103,-1,103,102,104,-1,103,104,105,-1,105,104,106,-1,105,106,107,-1,107,106,108,-1,107,108,109,-1,109,108,110,-1,109,110,111,-1,111,110,112,-1,111,112,113,-1,113,112,114,-1,113,114,115,-1,115,114,116,-1,115,116,117,-1,117,116,118,-1,117,118,119,-1,119,118,120,-1,119,120,121,-1,121,120,122,-1,121,122,123,-1,123,122,124,-1,123,124,125,-1,125,124,126,-1,125,126,127,-1,127,126,128,-1,127,128,129,-1,129,128,130,-1,129,130,131,-1,131,130,132,-1,131,132,133,-1,133,132,134,-1,133,134,135,-1,135,134,136,-1,135,136,137,-1,137,136,138,-1,137,138,139,-1,139,138,140,-1,139,140,141,-1,141,140,142,-1,141,142,143,-1,143,142,144,-1,143,144,145,-1,145,144,146,-1,145,146,147,-1,147,146,148,-1,147,148,149,-1,149,148,150,-1,149,150,151,-1,151,150,152,-1,151,152,153,-1,153,152,154,-1,153,154,155,-1,155,154,156,-1,155,156,157,-1,157,156,158,-1,157,158,159,-1,159,158,160,-1,159,160,161,-1,161,160,162,-1,161,162,163,-1,163,162,164,-1,163,164,165,-1,165,164,166,-1,165,166,167,-1,167,166,168,-1,167,168,169,-1,169,168,170,-1,169,170,171,-1,171,170,172,-1,171,172,173,-1,173,172,174,-1,173,174,175,-1,175,174,176,-1,175,176,177,-1,177,176,178,-1,177,178,179,-1,179,178,180,-1,179,180,61,-1,61,180,62,-1,180,181,62,-1,62,181,182,-1,62,182,64,-1,64,182,183,-1,64,183,66,-1,66,183,184,-1,66,184,68,-1,68,184,185,-1,68,185,70,-1,70,185,186,-1,70,186,72,-1,72,186,187,-1,72,187,74,-1,74,187,188,-1,74,188,76,-1,76,188,189,-1,76,189,78,-1,78,189,190,-1,78,190,80,-1,80,190,191,-1,80,191,82,-1,82,191,192,-1,82,192,84,-1,84,192,193,-1,84,193,86,-1,86,193,194,-1,86,194,88,-1,88,194,195,-1,88,195,90,-1,90,195,196,-1,90,196,92,-1,92,196,197,-1,92,197,94,-1,94,197,198,-1,94,198,96,-1,96,198,199,-1,96,199,98,-1,98,199,200,-1,98,200,100,-1,100,200,201,-1,100,201,102,-1,102,201,202,-1,102,202,104,-1,104,202,203,-1,104,203,106,-1,106,203,204,-1,106,204,108,-1,108,204,205,-1,108,205,110,-1,110,205,206,-1,110,206,112,-1,112,206,207,-1,112,207,114,-1,114,207,208,-1,114,208,116,-1,116,208,209,-1,116,209,118,-1,118,209,210,-1,118,210,120,-1,120,210,211,-1,120,211,122,-1,122,211,212,-1,122,212,124,-1,124,212,213,-1,124,213,126,-1,126,213,214,-1,126,214,128,-1,128,214,215,-1,128,215,130,-1,130,215,216,-1,130,216,132,-1,132,216,217,-1,132,217,134,-1,134,217,218,-1,134,218,136,-1,136,218,219,-1,136,219,138,-1,138,219,220,-1,138,220,140,-1,140,220,221,-1,140,221,142,-1,142,221,222,-1,142,222,144,-1,144,222,223,-1,144,223,146,-1,146,223,224,-1,146,224,148,-1,148,224,225,-1,148,225,150,-1,150,225,226,-1,150,226,152,-1,152,226,227,-1,152,227,154,-1,154,227,228,-1,154,228,156,-1,156,228,229,-1,156,229,158,-1,158,229,230,-1,158,230,160,-1,160,230,231,-1,160,231,162,-1,162,231,232,-1,162,232,164,-1,164,232,233,-1,164,233,166,-1,166,233,234,-1,166,234,168,-1,168,234,235,-1,168,235,170,-1,170,235,236,-1,170,236,172,-1,172,236,237,-1,172,237,174,-1,174,237,238,-1,174,238,176,-1,176,238,239,-1,176,239,178,-1,178,239,240,-1,178,240,180,-1,180,240,181,-1,240,33,181,-1,181,33,32,-1,181,32,182,-1,182,32,37,-1,182,37,183,-1,183,37,36,-1,183,36,184,-1,184,36,35,-1,184,35,185,-1,185,35,40,-1,185,40,186,-1,186,40,39,-1,186,39,187,-1,187,39,38,-1,187,38,188,-1,188,38,43,-1,188,43,189,-1,189,43,42,-1,189,42,190,-1,190,42,41,-1,190,41,191,-1,191,41,46,-1,191,46,192,-1,192,46,45,-1,192,45,193,-1,193,45,44,-1,193,44,194,-1,194,44,49,-1,194,49,195,-1,195,49,48,-1,195,48,196,-1,196,48,47,-1,196,47,197,-1,197,47,52,-1,197,52,198,-1,198,52,51,-1,198,51,199,-1,199,51,50,-1,199,50,200,-1,200,50,55,-1,200,55,201,-1,201,55,54,-1,201,54,202,-1,202,54,53,-1,202,53,203,-1,203,53,58,-1,203,58,204,-1,204,58,57,-1,204,57,205,-1,205,57,56,-1,205,56,206,-1,206,56,60,-1,206,60,207,-1,207,60,59,-1,207,59,208,-1,208,59,4,-1,208,4,209,-1,209,4,3,-1,209,3,210,-1,210,3,1,-1,210,1,211,-1,211,1,0,-1,211,0,212,-1,212,0,7,-1,212,7,213,-1,213,7,6,-1,213,6,214,-1,214,6,5,-1,214,5,215,-1,215,5,10,-1,215,10,216,-1,216,10,9,-1,216,9,217,-1,217,9,8,-1,217,8,218,-1,218,8,13,-1,218,13,219,-1,219,13,12,-1,219,12,220,-1,220,12,11,-1,220,11,221,-1,221,11,16,-1,221,16,222,-1,222,16,15,-1,222,15,223,-1,223,15,14,-1,223,14,224,-1,224,14,19,-1,224,19,225,-1,225,19,18,-1,225,18,226,-1,226,18,17,-1,226,17,227,-1,227,17,22,-1,227,22,228,-1,228,22,21,-1,228,21,229,-1,229,21,20,-1,229,20,230,-1,230,20,25,-1,230,25,231,-1,231,25,24,-1,231,24,232,-1,232,24,23,-1,232,23,233,-1,233,23,28,-1,233,28,234,-1,234,28,27,-1,234,27,235,-1,235,27,26,-1,235,26,236,-1,236,26,31,-1,236,31,237,-1,237,31,30,-1,237,30,238,-1,238,30,29,-1,238,29,239,-1,239,29,34,-1,239,34,240,-1,240,34,33,-1,
        ]
    }
}
Shape{
    appearance Appearance {
        material  Material 	{
            diffuseColor 1.0 1.0 1.0
            specularColor 0.5019607843137255 0.5019607843137255 0.5019607843137255
            ambientIntensity 1.0
            transparency 0.0
            shininess 0.5
        }
    }
    geometry IndexedFaceSet {
        ccw TRUE
        solid FALSE
        coord DEF co Coordinate {
            point [
                -0.5972 -0.2657 0.039, -0.5972 -0.4626 0.039, -0.5891 -0.2657 0.0328, -0.5891 -0.4626 0.0328, -0.5796 -0.2657 0.0289, -0.5796 -0.4626 0.0289, -0.5694 -0.2657 0.0276, -0.5694 -0.4626 0.0276, -0.6021 -0.4626 0.0272, -0.6021 -0.2657 0.0272, -0.5939 -0.2657 0.021, -0.5939 -0.4626 0.021, -0.5845 -0.2657 0.0171, -0.5845 -0.4626 0.0171, -0.5743 -0.2657 0.0157, -0.5743 -0.4626 0.0157, -0.5743 0.4626 0.0157, -0.5743 0.2657 0.0157, -0.5845 0.2657 0.0171, -0.5845 0.4626 0.0171, -0.5939 0.2657 0.021, -0.5939 0.4626 0.021, -0.6021 0.2657 0.0272, -0.6021 0.4626 0.0272, -0.5694 0.2657 0.0276, -0.5694 0.4626 0.0276, -0.5796 0.2657 0.0289, -0.5796 0.4626 0.0289, -0.5891 0.2657 0.0328, -0.5891 0.4626 0.0328, -0.5972 0.2657 0.039, -0.5972 0.4626 0.039, 0.5972 0.2657 0.039, 0.5972 0.4626 0.039, 0.5891 0.2657 0.0328, 0.5891 0.4626 0.0328, 0.5796 0.2657 0.0289, 0.5796 0.4626 0.0289, 0.5694 0.2657 0.0276, 0.5694 0.4626 0.0276, 0.5694 -0.2657 0.0276, 0.5694 -0.4626 0.0276, 0.5796 -0.2657 0.0289, 0.5796 -0.4626 0.0289, 0.5891 -0.2657 0.0328, 0.5891 -0.4626 0.0328, 0.5972 -0.2657 0.039, 0.5972 -0.4626 0.039, 0.6021 0.4626 0.0272, 0.6021 0.2657 0.0272, 0.5939 0.2657 0.021, 0.5939 0.4626 0.021, 0.5845 0.2657 0.0171, 0.5845 0.4626 0.0171, 0.5743 0.2657 0.0157, 0.5743 0.4626 0.0157, 0.5743 -0.4626 0.0157, 0.5743 -0.2657 0.0157, 0.5845 -0.2657 0.0171, 0.5845 -0.4626 0.0171, 0.5939 -0.2657 0.021, 0.5939 -0.4626 0.021, 0.6021 -0.2657 0.0272, 0.6021 -0.4626 0.0272, 0.5951 -0.1083 0.0236, 0.5951 -0.1083 0.0157, 0.5972 -0.108 0.0157, 0.5972 -0.108 0.0236, 0.5991 -0.1072 0.0157, 0.5991 -0.1072 0.0236, 0.6007 -0.106 0.0157, 0.6007 -0.106 0.0236, 0.602 -0.1043 0.0157, 0.602 -0.1043 0.0236, 0.6027 -0.1024 0.0157, 0.6027 -0.1024 0.0236, 0.603 -0.1004 0.0157, 0.603 -0.1004 0.0236, 0.4703 -0.1083 0.0157, 0.4703 -0.1083 0.0236, 0.4683 -0.1085 0.0157, 0.4683 -0.1085 0.0236, 0.4664 -0.1093 0.0157, 0.4664 -0.1093 0.0236, 0.4647 -0.1106 0.0157, 0.4647 -0.1106 0.0236, 0.4635 -0.1122 0.0157, 0.4635 -0.1122 0.0236, 0.4627 -0.1141 0.0157, 0.4627 -0.1141 0.0236, 0.4624 -0.1161 0.0157, 0.4624 -0.1161 0.0236, 0.4703 -0.2657 0.0236, 0.4703 -0.2657 0.0157, 0.4683 -0.2655 0.0236, 0.4683 -0.2655 0.0157, 0.4664 -0.2647 0.0236, 0.4664 -0.2647 0.0157, 0.4647 -0.2634 0.0236, 0.4647 -0.2634 0.0157, 0.4635 -0.2618 0.0236, 0.4635 -0.2618 0.0157, 0.4627 -0.2599 0.0236, 0.4627 -0.2599 0.0157, 0.4624 -0.2579 0.0236, 0.4624 -0.2579 0.0157, 0.4122 -0.4626 0.0157, 0.4122 -0.4626 0.0236, 0.4101 -0.4623 0.0236, 0.4101 -0.4623 0.0157, 0.4082 -0.4615 0.0236, 0.4082 -0.4615 0.0157, 0.4066 -0.4603 0.0236, 0.4066 -0.4603 0.0157, 0.4053 -0.4587 0.0236, 0.4053 -0.4587 0.0157, 0.4046 -0.4568 0.0236, 0.4046 -0.4568 0.0157, 0.4043 -0.4547 0.0236, 0.4043 -0.4547 0.0157, 0.4043 -0.2736 0.0157, 0.4043 -0.2736 0.0236, 0.404 -0.2716 0.0157, 0.404 -0.2716 0.0236, 0.4032 -0.2697 0.0157, 0.4032 -0.2697 0.0236, 0.402 -0.2681 0.0157, 0.402 -0.2681 0.0236, 0.4003 -0.2668 0.0157, 0.4003 -0.2668 0.0236, 0.3984 -0.266 0.0157, 0.3984 -0.266 0.0236, 0.3964 -0.2657 0.0157, 0.3964 -0.2657 0.0236, 0.3536 -0.2579 0.0236, 0.3536 -0.2579 0.0157, 0.3539 -0.2599 0.0157, 0.3539 -0.2599 0.0236, 0.3547 -0.2618 0.0157, 0.3547 -0.2618 0.0236, 0.3559 -0.2634 0.0157, 0.3559 -0.2634 0.0236, 0.3575 -0.2647 0.0157, 0.3575 -0.2647 0.0236, 0.3594 -0.2655 0.0157, 0.3594 -0.2655 0.0236, 0.3615 -0.2657 0.0157, 0.3615 -0.2657 0.0236, 0.3536 -0.168 0.0157, 0.3536 -0.168 0.0236, 0.3533 -0.166 0.0157, 0.3533 -0.166 0.0236, 0.3525 -0.1641 0.0157, 0.3525 -0.1641 0.0236, 0.3513 -0.1624 0.0157, 0.3513 -0.1624 0.0236, 0.3497 -0.1612 0.0157, 0.3497 -0.1612 0.0236, 0.3478 -0.1604 0.0157, 0.3478 -0.1604 0.0236, 0.3457 -0.1601 0.0157, 0.3457 -0.1601 0.0236, 0.2926 -0.1522 0.0236, 0.2926 -0.1522 0.0157, 0.2928 -0.1543 0.0157, 0.2928 -0.1543 0.0236, 0.2936 -0.1562 0.0157, 0.2936 -0.1562 0.0236, 0.2949 -0.1578 0.0157, 0.2949 -0.1578 0.0236, 0.2965 -0.1591 0.0157, 0.2965 -0.1591 0.0236, 0.2984 -0.1599 0.0157, 0.2984 -0.1599 0.0236, 0.3004 -0.1601 0.0157, 0.3004 -0.1601 0.0236, 0.3004 0.0688 0.0236, 0.3004 0.0688 0.0157, 0.2984 0.0686 0.0157, 0.2984 0.0686 0.0236, 0.2965 0.0678 0.0157, 0.2965 0.0678 0.0236, 0.2949 0.0665 0.0157, 0.2949 0.0665 0.0236, 0.2936 0.0649 0.0157, 0.2936 0.0649 0.0236, 0.2928 0.063 0.0157, 0.2928 0.063 0.0236, 0.2926 0.061 0.0157, 0.2926 0.061 0.0236, 0.3972 0.0688 0.0157, 0.3972 0.0688 0.0236, 0.3992 0.0691 0.0157, 0.3992 0.0691 0.0236, 0.4011 0.0699 0.0157, 0.4011 0.0699 0.0236, 0.4027 0.0711 0.0157, 0.4027 0.0711 0.0236, 0.404 0.0728 0.0157, 0.404 0.0728 0.0236, 0.4048 0.0747 0.0157, 0.4048 0.0747 0.0236, 0.405 0.0767 0.0157, 0.405 0.0767 0.0236, 0.4129 0.0886 0.0236, 0.4129 0.0886 0.0157, 0.4109 0.0883 0.0157, 0.4109 0.0883 0.0236, 0.409 0.0875 0.0157, 0.409 0.0875 0.0236, 0.4074 0.0863 0.0157, 0.4074 0.0863 0.0236, 0.4061 0.0846 0.0157, 0.4061 0.0846 0.0236, 0.4053 0.0827 0.0157, 0.4053 0.0827 0.0236, 0.405 0.0807 0.0157, 0.405 0.0807 0.0236, 0.603 0.0807 0.0236, 0.603 0.0807 0.0157, 0.6027 0.0827 0.0157, 0.6027 0.0827 0.0236, 0.602 0.0846 0.0157, 0.602 0.0846 0.0236, 0.6007 0.0863 0.0157, 0.6007 0.0863 0.0236, 0.5991 0.0875 0.0157, 0.5991 0.0875 0.0236, 0.5972 0.0883 0.0157, 0.5972 0.0883 0.0236, 0.5951 0.0886 0.0157, 0.5951 0.0886 0.0236, 0.4624 0.2736 0.0236, 0.4624 0.2736 0.0157, 0.4627 0.2716 0.0157, 0.4627 0.2716 0.0236, 0.4635 0.2697 0.0157, 0.4635 0.2697 0.0236, 0.4647 0.2681 0.0157, 0.4647 0.2681 0.0236, 0.4664 0.2668 0.0157, 0.4664 0.2668 0.0236, 0.4683 0.266 0.0157, 0.4683 0.266 0.0236, 0.4703 0.2657 0.0157, 0.4703 0.2657 0.0236, 0.4624 0.4547 0.0157, 0.4624 0.4547 0.0236, 0.4627 0.4568 0.0236, 0.4627 0.4568 0.0157, 0.4635 0.4587 0.0236, 0.4635 0.4587 0.0157, 0.4647 0.4603 0.0236, 0.4647 0.4603 0.0157, 0.4664 0.4615 0.0236, 0.4664 0.4615 0.0157, 0.4683 0.4623 0.0236, 0.4683 0.4623 0.0157, 0.4703 0.4626 0.0236, 0.4703 0.4626 0.0157, -0.4703 0.4626 0.0157, -0.4703 0.4626 0.0236, -0.4683 0.4623 0.0236, -0.4683 0.4623 0.0157, -0.4664 0.4615 0.0236, -0.4664 0.4615 0.0157, -0.4647 0.4603 0.0236, -0.4647 0.4603 0.0157, -0.4635 0.4587 0.0236, -0.4635 0.4587 0.0157, -0.4627 0.4568 0.0236, -0.4627 0.4568 0.0157, -0.4624 0.4547 0.0236, -0.4624 0.4547 0.0157, -0.4703 0.2657 0.0236, -0.4703 0.2657 0.0157, -0.4683 0.266 0.0157, -0.4683 0.266 0.0236, -0.4664 0.2668 0.0157, -0.4664 0.2668 0.0236, -0.4647 0.2681 0.0157, -0.4647 0.2681 0.0236, -0.4635 0.2697 0.0157, -0.4635 0.2697 0.0236, -0.4627 0.2716 0.0157, -0.4627 0.2716 0.0236, -0.4624 0.2736 0.0157, -0.4624 0.2736 0.0236, -0.5951 0.0886 0.0236, -0.5951 0.0886 0.0157, -0.5972 0.0883 0.0157, -0.5972 0.0883 0.0236, -0.5991 0.0875 0.0157, -0.5991 0.0875 0.0236, -0.6007 0.0863 0.0157, -0.6007 0.0863 0.0236, -0.602 0.0846 0.0157, -0.602 0.0846 0.0236, -0.6027 0.0827 0.0157, -0.6027 0.0827 0.0236, -0.603 0.0807 0.0157, -0.603 0.0807 0.0236, -0.603 -0.1004 0.0236, -0.603 -0.1004 0.0157, -0.6027 -0.1024 0.0157, -0.6027 -0.1024 0.0236, -0.602 -0.1043 0.0157, -0.602 -0.1043 0.0236, -0.6007 -0.106 0.0157, -0.6007 -0.106 0.0236, -0.5991 -0.1072 0.0157, -0.5991 -0.1072 0.0236, -0.5972 -0.108 0.0157, -0.5972 -0.108 0.0236, -0.5951 -0.1083 0.0157, -0.5951 -0.1083 0.0236, -0.4624 -0.1161 0.0157, -0.4624 -0.1161 0.0236, -0.4627 -0.1141 0.0157, -0.4627 -0.1141 0.0236, -0.4635 -0.1122 0.0157, -0.4635 -0.1122 0.0236, -0.4647 -0.1106 0.0157, -0.4647 -0.1106 0.0236, -0.4664 -0.1093 0.0157, -0.4664 -0.1093 0.0236, -0.4683 -0.1085 0.0157, -0.4683 -0.1085 0.0236, -0.4703 -0.1083 0.0157, -0.4703 -0.1083 0.0236, -0.4624 -0.2579 0.0236, -0.4624 -0.2579 0.0157, -0.4627 -0.2599 0.0236, -0.4627 -0.2599 0.0157, -0.4635 -0.2618 0.0236, -0.4635 -0.2618 0.0157, -0.4647 -0.2634 0.0236, -0.4647 -0.2634 0.0157, -0.4664 -0.2647 0.0236, -0.4664 -0.2647 0.0157, -0.4683 -0.2655 0.0236, -0.4683 -0.2655 0.0157, -0.4703 -0.2657 0.0236, -0.4703 -0.2657 0.0157, -0.4122 -0.4626 0.0236, -0.4122 -0.4626 0.0157, -0.4101 -0.4623 0.0157, -0.4101 -0.4623 0.0236, -0.4082 -0.4615 0.0157, -0.4082 -0.4615 0.0236, -0.4066 -0.4603 0.0157, -0.4066 -0.4603 0.0236, -0.4053 -0.4587 0.0157, -0.4053 -0.4587 0.0236, -0.4046 -0.4568 0.0157, -0.4046 -0.4568 0.0236, -0.4043 -0.4547 0.0157, -0.4043 -0.4547 0.0236, -0.3964 -0.2657 0.0157, -0.3964 -0.2657 0.0236, -0.3984 -0.266 0.0157, -0.3984 -0.266 0.0236, -0.4003 -0.2668 0.0157, -0.4003 -0.2668 0.0236, -0.402 -0.2681 0.0157, -0.402 -0.2681 0.0236, -0.4032 -0.2697 0.0157, -0.4032 -0.2697 0.0236, -0.404 -0.2716 0.0157, -0.404 -0.2716 0.0236, -0.4043 -0.2736 0.0157, -0.4043 -0.2736 0.0236, -0.3615 -0.2657 0.0236, -0.3615 -0.2657 0.0157, -0.3594 -0.2655 0.0157, -0.3594 -0.2655 0.0236, -0.3575 -0.2647 0.0157, -0.3575 -0.2647 0.0236, -0.3559 -0.2634 0.0157, -0.3559 -0.2634 0.0236, -0.3547 -0.2618 0.0157, -0.3547 -0.2618 0.0236, -0.3539 -0.2599 0.0157, -0.3539 -0.2599 0.0236, -0.3536 -0.2579 0.0157, -0.3536 -0.2579 0.0236, -0.3457 -0.1601 0.0157, -0.3457 -0.1601 0.0236, -0.3478 -0.1604 0.0157, -0.3478 -0.1604 0.0236, -0.3497 -0.1612 0.0157, -0.3497 -0.1612 0.0236, -0.3513 -0.1624 0.0157, -0.3513 -0.1624 0.0236, -0.3525 -0.1641 0.0157, -0.3525 -0.1641 0.0236, -0.3533 -0.166 0.0157, -0.3533 -0.166 0.0236, -0.3536 -0.168 0.0157, -0.3536 -0.168 0.0236, -0.3004 -0.1601 0.0236, -0.3004 -0.1601 0.0157, -0.2984 -0.1599 0.0157, -0.2984 -0.1599 0.0236, -0.2965 -0.1591 0.0157, -0.2965 -0.1591 0.0236, -0.2949 -0.1578 0.0157, -0.2949 -0.1578 0.0236, -0.2936 -0.1562 0.0157, -0.2936 -0.1562 0.0236, -0.2928 -0.1543 0.0157, -0.2928 -0.1543 0.0236, -0.2926 -0.1522 0.0157, -0.2926 -0.1522 0.0236, -0.2926 0.061 0.0236, -0.2926 0.061 0.0157, -0.2928 0.063 0.0157, -0.2928 0.063 0.0236, -0.2936 0.0649 0.0157, -0.2936 0.0649 0.0236, -0.2949 0.0665 0.0157, -0.2949 0.0665 0.0236, -0.2965 0.0678 0.0157, -0.2965 0.0678 0.0236, -0.2984 0.0686 0.0157, -0.2984 0.0686 0.0236, -0.3004 0.0688 0.0157, -0.3004 0.0688 0.0236, -0.405 0.0767 0.0157, -0.405 0.0767 0.0236, -0.4048 0.0747 0.0157, -0.4048 0.0747 0.0236, -0.404 0.0728 0.0157, -0.404 0.0728 0.0236, -0.4027 0.0711 0.0157, -0.4027 0.0711 0.0236, -0.4011 0.0699 0.0157, -0.4011 0.0699 0.0236, -0.3992 0.0691 0.0157, -0.3992 0.0691 0.0236, -0.3972 0.0688 0.0157, -0.3972 0.0688 0.0236, -0.405 0.0807 0.0236, -0.405 0.0807 0.0157, -0.4053 0.0827 0.0157, -0.4053 0.0827 0.0236, -0.4061 0.0846 0.0157, -0.4061 0.0846 0.0236, -0.4074 0.0863 0.0157, -0.4074 0.0863 0.0236, -0.409 0.0875 0.0157, -0.409 0.0875 0.0236, -0.4109 0.0883 0.0157, -0.4109 0.0883 0.0236, -0.4129 0.0886 0.0157, -0.4129 0.0886 0.0236
            ]
        }
        coordIndex [
            0,1,2,-1,2,1,3,-1,2,3,4,-1,4,3,5,-1,4,5,6,-1,6,5,7,-1,8,9,10,-1,8,10,11,-1,11,10,12,-1,11,12,13,-1,13,12,14,-1,13,14,15,-1,16,17,18,-1,16,18,19,-1,19,18,20,-1,19,20,21,-1,21,20,22,-1,21,22,23,-1,24,25,26,-1,26,25,27,-1,26,27,28,-1,28,27,29,-1,28,29,30,-1,30,29,31,-1,32,33,34,-1,34,33,35,-1,34,35,36,-1,36,35,37,-1,36,37,38,-1,38,37,39,-1,40,41,42,-1,42,41,43,-1,42,43,44,-1,44,43,45,-1,44,45,46,-1,46,45,47,-1,48,49,50,-1,48,50,51,-1,51,50,52,-1,51,52,53,-1,53,52,54,-1,53,54,55,-1,56,57,58,-1,56,58,59,-1,59,58,60,-1,59,60,61,-1,61,60,62,-1,61,62,63,-1,64,65,66,-1,64,66,67,-1,67,66,68,-1,67,68,69,-1,69,68,70,-1,69,70,71,-1,71,70,72,-1,71,72,73,-1,73,72,74,-1,73,74,75,-1,75,74,76,-1,75,76,77,-1,78,79,80,-1,80,79,81,-1,80,81,82,-1,82,81,83,-1,82,83,84,-1,84,83,85,-1,84,85,86,-1,86,85,87,-1,86,87,88,-1,88,87,89,-1,88,89,90,-1,90,89,91,-1,92,93,94,-1,94,93,95,-1,94,95,96,-1,96,95,97,-1,96,97,98,-1,98,97,99,-1,98,99,100,-1,100,99,101,-1,100,101,102,-1,102,101,103,-1,102,103,104,-1,104,103,105,-1,106,107,108,-1,106,108,109,-1,109,108,110,-1,109,110,111,-1,111,110,112,-1,111,112,113,-1,113,112,114,-1,113,114,115,-1,115,114,116,-1,115,116,117,-1,117,116,118,-1,117,118,119,-1,120,121,122,-1,122,121,123,-1,122,123,124,-1,124,123,125,-1,124,125,126,-1,126,125,127,-1,126,127,128,-1,128,127,129,-1,128,129,130,-1,130,129,131,-1,130,131,132,-1,132,131,133,-1,134,135,136,-1,134,136,137,-1,137,136,138,-1,137,138,139,-1,139,138,140,-1,139,140,141,-1,141,140,142,-1,141,142,143,-1,143,142,144,-1,143,144,145,-1,145,144,146,-1,145,146,147,-1,148,149,150,-1,150,149,151,-1,150,151,152,-1,152,151,153,-1,152,153,154,-1,154,153,155,-1,154,155,156,-1,156,155,157,-1,156,157,158,-1,158,157,159,-1,158,159,160,-1,160,159,161,-1,162,163,164,-1,162,164,165,-1,165,164,166,-1,165,166,167,-1,167,166,168,-1,167,168,169,-1,169,168,170,-1,169,170,171,-1,171,170,172,-1,171,172,173,-1,173,172,174,-1,173,174,175,-1,176,177,178,-1,176,178,179,-1,179,178,180,-1,179,180,181,-1,181,180,182,-1,181,182,183,-1,183,182,184,-1,183,184,185,-1,185,184,186,-1,185,186,187,-1,187,186,188,-1,187,188,189,-1,190,191,192,-1,192,191,193,-1,192,193,194,-1,194,193,195,-1,194,195,196,-1,196,195,197,-1,196,197,198,-1,198,197,199,-1,198,199,200,-1,200,199,201,-1,200,201,202,-1,202,201,203,-1,204,205,206,-1,204,206,207,-1,207,206,208,-1,207,208,209,-1,209,208,210,-1,209,210,211,-1,211,210,212,-1,211,212,213,-1,213,212,214,-1,213,214,215,-1,215,214,216,-1,215,216,217,-1,218,219,220,-1,218,220,221,-1,221,220,222,-1,221,222,223,-1,223,222,224,-1,223,224,225,-1,225,224,226,-1,225,226,227,-1,227,226,228,-1,227,228,229,-1,229,228,230,-1,229,230,231,-1,232,233,234,-1,232,234,235,-1,235,234,236,-1,235,236,237,-1,237,236,238,-1,237,238,239,-1,239,238,240,-1,239,240,241,-1,241,240,242,-1,241,242,243,-1,243,242,244,-1,243,244,245,-1,246,247,248,-1,246,248,249,-1,249,248,250,-1,249,250,251,-1,251,250,252,-1,251,252,253,-1,253,252,254,-1,253,254,255,-1,255,254,256,-1,255,256,257,-1,257,256,258,-1,257,258,259,-1,260,261,262,-1,260,262,263,-1,263,262,264,-1,263,264,265,-1,265,264,266,-1,265,266,267,-1,267,266,268,-1,267,268,269,-1,269,268,270,-1,269,270,271,-1,271,270,272,-1,271,272,273,-1,274,275,276,-1,274,276,277,-1,277,276,278,-1,277,278,279,-1,279,278,280,-1,279,280,281,-1,281,280,282,-1,281,282,283,-1,283,282,284,-1,283,284,285,-1,285,284,286,-1,285,286,287,-1,288,289,290,-1,288,290,291,-1,291,290,292,-1,291,292,293,-1,293,292,294,-1,293,294,295,-1,295,294,296,-1,295,296,297,-1,297,296,298,-1,297,298,299,-1,299,298,300,-1,299,300,301,-1,302,303,304,-1,302,304,305,-1,305,304,306,-1,305,306,307,-1,307,306,308,-1,307,308,309,-1,309,308,310,-1,309,310,311,-1,311,310,312,-1,311,312,313,-1,313,312,314,-1,313,314,315,-1,316,317,318,-1,318,317,319,-1,318,319,320,-1,320,319,321,-1,320,321,322,-1,322,321,323,-1,322,323,324,-1,324,323,325,-1,324,325,326,-1,326,325,327,-1,326,327,328,-1,328,327,329,-1,330,331,332,-1,332,331,333,-1,332,333,334,-1,334,333,335,-1,334,335,336,-1,336,335,337,-1,336,337,338,-1,338,337,339,-1,338,339,340,-1,340,339,341,-1,340,341,342,-1,342,341,343,-1,344,345,346,-1,344,346,347,-1,347,346,348,-1,347,348,349,-1,349,348,350,-1,349,350,351,-1,351,350,352,-1,351,352,353,-1,353,352,354,-1,353,354,355,-1,355,354,356,-1,355,356,357,-1,358,359,360,-1,360,359,361,-1,360,361,362,-1,362,361,363,-1,362,363,364,-1,364,363,365,-1,364,365,366,-1,366,365,367,-1,366,367,368,-1,368,367,369,-1,368,369,370,-1,370,369,371,-1,372,373,374,-1,372,374,375,-1,375,374,376,-1,375,376,377,-1,377,376,378,-1,377,378,379,-1,379,378,380,-1,379,380,381,-1,381,380,382,-1,381,382,383,-1,383,382,384,-1,383,384,385,-1,386,387,388,-1,388,387,389,-1,388,389,390,-1,390,389,391,-1,390,391,392,-1,392,391,393,-1,392,393,394,-1,394,393,395,-1,394,395,396,-1,396,395,397,-1,396,397,398,-1,398,397,399,-1,400,401,402,-1,400,402,403,-1,403,402,404,-1,403,404,405,-1,405,404,406,-1,405,406,407,-1,407,406,408,-1,407,408,409,-1,409,408,410,-1,409,410,411,-1,411,410,412,-1,411,412,413,-1,414,415,416,-1,414,416,417,-1,417,416,418,-1,417,418,419,-1,419,418,420,-1,419,420,421,-1,421,420,422,-1,421,422,423,-1,423,422,424,-1,423,424,425,-1,425,424,426,-1,425,426,427,-1,428,429,430,-1,430,429,431,-1,430,431,432,-1,432,431,433,-1,432,433,434,-1,434,433,435,-1,434,435,436,-1,436,435,437,-1,436,437,438,-1,438,437,439,-1,438,439,440,-1,440,439,441,-1,442,443,444,-1,442,444,445,-1,445,444,446,-1,445,446,447,-1,447,446,448,-1,447,448,449,-1,449,448,450,-1,449,450,451,-1,451,450,452,-1,451,452,453,-1,453,452,454,-1,453,454,455,-1,
        ]
    }
}
Shape{
    appearance Appearance {
        material  Material 	{
            diffuseColor 1.0 1.0 1.0
            specularColor 0.8784313725490196 0.8784313725490196 0.8784313725490196
            ambientIntensity 1.0
            transparency 0.0
            shininess 0.5
        }
    }
    geometry IndexedFaceSet {
        ccw TRUE
        solid FALSE
        coord DEF co Coordinate {
            point [
                -0.0254 0.0043 0.0, -0.0254 0.0 0.0, -0.0254 0.0043 0.0039, -0.0254 0.0 0.0039, -0.0106 0.0043 0.0, -0.0106 0.0043 0.0039, -0.0106 0.0394 0.0, -0.0106 0.0394 0.0039, -0.0053 0.0394 0.0, -0.0053 0.0394 0.0039, -0.0053 0.0 0.0, -0.0053 0.0 0.0039, -0.0581 0.0064 0.0, -0.0581 0.002 0.0, -0.0581 0.0064 0.0039, -0.0581 0.002 0.0039, -0.0574 0.006 0.0039, -0.0574 0.006 0.0, -0.0532 0.0044 0.0039, -0.0532 0.0044 0.0, -0.048 0.0038 0.0039, -0.048 0.0038 0.0, -0.0443 0.0043 0.0039, -0.0443 0.0043 0.0, -0.0414 0.0053 0.0039, -0.0414 0.0053 0.0, -0.039 0.0069 0.0039, -0.039 0.0069 0.0, -0.0372 0.0089 0.0039, -0.0372 0.0089 0.0, -0.0356 0.0116 0.0039, -0.0356 0.0116 0.0, -0.0345 0.015 0.0039, -0.0345 0.015 0.0, -0.0341 0.0193 0.0039, -0.0341 0.0193 0.0, -0.0343 0.0223 0.0039, -0.0343 0.0223 0.0, -0.0353 0.0265 0.0039, -0.0353 0.0265 0.0, -0.0369 0.0296 0.0039, -0.0369 0.0296 0.0, -0.0393 0.0322 0.0039, -0.0393 0.0322 0.0, -0.0421 0.034 0.0039, -0.0421 0.034 0.0, -0.045 0.0351 0.0039, -0.045 0.0351 0.0, -0.0489 0.0355 0.0039, -0.0489 0.0355 0.0, -0.0537 0.0349 0.0039, -0.0537 0.0349 0.0, -0.0581 0.033 0.0039, -0.0581 0.033 0.0, -0.0581 0.0383 0.0, -0.0581 0.0383 0.0039, -0.0535 0.0395 0.0039, -0.0535 0.0395 0.0, -0.0488 0.0399 0.0039, -0.0488 0.0399 0.0, -0.0449 0.0395 0.0039, -0.0449 0.0395 0.0, -0.0405 0.0383 0.0039, -0.0405 0.0383 0.0, -0.0367 0.0361 0.0039, -0.0367 0.0361 0.0, -0.0332 0.0327 0.0039, -0.0332 0.0327 0.0, -0.0309 0.029 0.0039, -0.0309 0.029 0.0, -0.0294 0.0245 0.0039, -0.0294 0.0245 0.0, -0.0288 0.0189 0.0039, -0.0288 0.0189 0.0, -0.0292 0.0144 0.0039, -0.0292 0.0144 0.0, -0.0304 0.0102 0.0039, -0.0304 0.0102 0.0, -0.0325 0.0065 0.0039, -0.0325 0.0065 0.0, -0.0354 0.0034 0.0039, -0.0354 0.0034 0.0, -0.0386 0.0013 0.0039, -0.0386 0.0013 0.0, -0.0424 0.0 0.0039, -0.0424 0.0 0.0, -0.0473 -0.0005 0.0, -0.0449 -0.0002 0.0039, -0.0473 -0.0005 0.0039, -0.0539 0.0003 0.0, -0.0483 -0.0005 0.0039, -0.0483 -0.0005 0.0, -0.0499 -0.0002 0.0039, -0.0539 0.0003 0.0039, -0.0869 0.0043 0.0, -0.0869 0.0 0.0, -0.0869 0.0043 0.0039, -0.0869 0.0 0.0039, -0.0711 0.0043 0.0, -0.0711 0.0043 0.0039, -0.0711 0.0178 0.0, -0.0711 0.0178 0.0039, -0.085 0.0178 0.0, -0.085 0.0178 0.0039, -0.085 0.0221 0.0, -0.085 0.0221 0.0039, -0.0711 0.0221 0.0, -0.0711 0.0221 0.0039, -0.0711 0.035 0.0, -0.0711 0.035 0.0039, -0.0859 0.035 0.0, -0.0859 0.035 0.0039, -0.0859 0.0394 0.0, -0.0859 0.0394 0.0039, -0.0658 0.0394 0.0, -0.0658 0.0394 0.0039, -0.0658 0.0 0.0, -0.0658 0.0 0.0039, -0.1249 0.0278 0.0, -0.1231 0.0311 0.0, -0.1184 0.0295 0.0, -0.1203 0.0342 0.0, -0.1165 0.0316 0.0, -0.1203 0.0343 0.0, -0.1136 0.0334 0.0, -0.116 0.0371 0.0, -0.1103 0.0346 0.0, -0.1114 0.0388 0.0, -0.1057 0.035 0.0, -0.1057 0.0394 0.0, -0.0999 0.035 0.0, -0.0946 0.0394 0.0, -0.0999 0.0043 0.0, -0.0946 0.0 0.0, -0.1055 0.0043 0.0, -0.1053 0.0 0.0, -0.1096 0.0047 0.0, -0.1102 0.0004 0.0, -0.1129 0.0057 0.0, -0.1147 0.0018 0.0, -0.1156 0.0073 0.0, -0.1188 0.0042 0.0, -0.1178 0.0095 0.0, -0.122 0.0073 0.0, -0.1195 0.0122 0.0, -0.1243 0.0108 0.0, -0.1206 0.0159 0.0, -0.1257 0.0149 0.0, -0.121 0.0201 0.0, -0.1263 0.0202 0.0, -0.1207 0.024 0.0, -0.126 0.0239 0.0, -0.1197 0.0271 0.0, -0.1053 0.0 0.0039, -0.0946 0.0 0.0039, -0.1102 0.0004 0.0039, -0.1147 0.0018 0.0039, -0.1188 0.0042 0.0039, -0.122 0.0073 0.0039, -0.1243 0.0108 0.0039, -0.1257 0.0149 0.0039, -0.1263 0.0202 0.0039, -0.126 0.0239 0.0039, -0.1249 0.0278 0.0039, -0.1231 0.0311 0.0039, -0.1203 0.0342 0.0039, -0.1203 0.0343 0.0039, -0.116 0.0371 0.0039, -0.1114 0.0388 0.0039, -0.1057 0.0394 0.0039, -0.0946 0.0394 0.0039, -0.1057 0.035 0.0039, -0.0999 0.035 0.0039, -0.0999 0.0043 0.0039, -0.1055 0.0043 0.0039, -0.121 0.0201 0.0039, -0.1206 0.0159 0.0039, -0.1195 0.0122 0.0039, -0.1178 0.0095 0.0039, -0.1156 0.0073 0.0039, -0.1129 0.0057 0.0039, -0.1096 0.0047 0.0039, -0.1103 0.0346 0.0039, -0.1136 0.0334 0.0039, -0.1165 0.0316 0.0039, -0.1184 0.0295 0.0039, -0.1197 0.0271 0.0039, -0.1207 0.024 0.0039
            ]
        }
        coordIndex [
            0,1,2,-1,2,1,3,-1,4,0,5,-1,5,0,2,-1,6,4,7,-1,7,4,5,-1,8,6,9,-1,9,6,7,-1,10,8,11,-1,11,8,9,-1,1,10,3,-1,3,10,11,-1,6,8,4,-1,4,8,10,-1,4,10,0,-1,0,10,1,-1,12,13,14,-1,14,13,15,-1,12,14,16,-1,12,16,17,-1,17,16,18,-1,17,18,19,-1,19,18,20,-1,19,20,21,-1,21,20,22,-1,21,22,23,-1,23,22,24,-1,23,24,25,-1,25,24,26,-1,25,26,27,-1,27,26,28,-1,27,28,29,-1,29,28,30,-1,29,30,31,-1,31,30,32,-1,31,32,33,-1,33,32,34,-1,33,34,35,-1,35,34,36,-1,35,36,37,-1,37,36,38,-1,37,38,39,-1,39,38,40,-1,39,40,41,-1,41,40,42,-1,41,42,43,-1,43,42,44,-1,43,44,45,-1,45,44,46,-1,45,46,47,-1,47,46,48,-1,47,48,49,-1,49,48,50,-1,49,50,51,-1,51,50,52,-1,51,52,53,-1,54,53,55,-1,55,53,52,-1,54,55,56,-1,54,56,57,-1,57,56,58,-1,57,58,59,-1,59,58,60,-1,59,60,61,-1,61,60,62,-1,61,62,63,-1,63,62,64,-1,63,64,65,-1,65,64,66,-1,65,66,67,-1,67,66,68,-1,67,68,69,-1,69,68,70,-1,69,70,71,-1,71,70,72,-1,71,72,73,-1,73,72,74,-1,73,74,75,-1,75,74,76,-1,75,76,77,-1,77,76,78,-1,77,78,79,-1,79,78,80,-1,79,80,81,-1,81,80,82,-1,81,82,83,-1,83,82,84,-1,83,84,85,-1,85,84,86,-1,86,84,87,-1,86,87,88,-1,15,13,89,-1,86,88,90,-1,86,90,91,-1,91,90,92,-1,91,92,89,-1,89,92,93,-1,89,93,15,-1,23,86,21,-1,21,86,91,-1,21,91,19,-1,19,91,89,-1,19,89,17,-1,17,89,13,-1,17,13,12,-1,53,54,51,-1,51,54,57,-1,51,57,49,-1,49,57,59,-1,49,59,47,-1,47,59,61,-1,47,61,45,-1,45,61,63,-1,45,63,43,-1,43,63,65,-1,43,65,41,-1,41,65,67,-1,41,67,39,-1,39,67,69,-1,39,69,37,-1,37,69,71,-1,37,71,35,-1,35,71,73,-1,35,73,33,-1,33,73,75,-1,33,75,31,-1,31,75,77,-1,31,77,29,-1,29,77,79,-1,29,79,27,-1,27,79,81,-1,27,81,25,-1,25,81,83,-1,25,83,23,-1,23,83,85,-1,23,85,86,-1,94,95,96,-1,96,95,97,-1,98,94,99,-1,99,94,96,-1,100,98,101,-1,101,98,99,-1,102,100,103,-1,103,100,101,-1,104,102,105,-1,105,102,103,-1,106,104,107,-1,107,104,105,-1,108,106,109,-1,109,106,107,-1,110,108,111,-1,111,108,109,-1,112,110,113,-1,113,110,111,-1,114,112,115,-1,115,112,113,-1,116,114,117,-1,117,114,115,-1,95,116,97,-1,97,116,117,-1,116,95,94,-1,94,98,116,-1,116,98,100,-1,116,100,114,-1,110,112,108,-1,108,112,114,-1,108,114,106,-1,106,114,100,-1,106,100,104,-1,104,100,102,-1,118,119,120,-1,120,119,121,-1,120,121,122,-1,122,121,123,-1,122,123,124,-1,124,123,125,-1,124,125,126,-1,126,125,127,-1,126,127,128,-1,128,127,129,-1,128,129,130,-1,130,129,131,-1,130,131,132,-1,132,131,133,-1,132,133,134,-1,134,133,135,-1,134,135,136,-1,136,135,137,-1,136,137,138,-1,138,137,139,-1,138,139,140,-1,140,139,141,-1,140,141,142,-1,142,141,143,-1,142,143,144,-1,144,143,145,-1,144,145,146,-1,146,145,147,-1,146,147,148,-1,148,147,149,-1,148,149,150,-1,150,149,151,-1,150,151,152,-1,152,151,118,-1,152,118,120,-1,135,133,153,-1,153,133,154,-1,135,153,155,-1,135,155,137,-1,137,155,156,-1,137,156,139,-1,139,156,157,-1,139,157,141,-1,141,157,158,-1,141,158,143,-1,143,158,159,-1,143,159,145,-1,145,159,160,-1,145,160,147,-1,147,160,161,-1,147,161,149,-1,149,161,162,-1,149,162,151,-1,151,162,163,-1,151,163,118,-1,118,163,164,-1,118,164,119,-1,119,164,165,-1,119,165,121,-1,121,165,166,-1,121,166,123,-1,123,166,167,-1,123,167,125,-1,125,167,168,-1,125,168,127,-1,127,168,169,-1,127,169,129,-1,131,129,170,-1,170,129,169,-1,133,131,154,-1,154,131,170,-1,128,130,171,-1,171,130,172,-1,130,132,172,-1,172,132,173,-1,132,134,173,-1,173,134,174,-1,148,175,176,-1,148,176,146,-1,146,176,177,-1,146,177,144,-1,144,177,178,-1,144,178,142,-1,142,178,179,-1,142,179,140,-1,140,179,180,-1,140,180,138,-1,138,180,181,-1,138,181,136,-1,136,181,174,-1,136,174,134,-1,128,171,182,-1,128,182,126,-1,126,182,183,-1,126,183,124,-1,124,183,184,-1,124,184,122,-1,122,184,185,-1,122,185,120,-1,120,185,186,-1,120,186,152,-1,152,186,187,-1,152,187,150,-1,150,187,175,-1,150,175,148,-1,
        ]
    }
}
Shape{
    appearance Appearance {
        material  Material 	{
            diffuseColor 0.25098039215686274 0.25098039215686274 0.25098039215686274
            specularColor 0.12549019607843137 0.12549019607843137 0.12549019607843137
            ambientIntensity 0.251
            transparency 0.0
            shininess 0.5
        }
    }
    geometry IndexedFaceSet {
        ccw TRUE
        solid FALSE
        coord DEF co Coordinate {
            point [
                -0.0999 0.035 0.0039, -0.0999 0.0043 0.0039, -0.1057 0.035 0.0039, -0.1055 0.0043 0.0039, -0.1096 0.0047 0.0039, -0.121 0.0201 0.0039, -0.1207 0.024 0.0039, -0.1197 0.0271 0.0039, -0.1103 0.0346 0.0039, -0.1129 0.0057 0.0039, -0.1156 0.0073 0.0039, -0.1178 0.0095 0.0039, -0.1195 0.0122 0.0039, -0.1206 0.0159 0.0039, -0.1184 0.0295 0.0039, -0.1165 0.0316 0.0039, -0.1136 0.0334 0.0039
            ]
        }
        coordIndex [
            0,1,2,-1,2,1,3,-1,2,3,4,-1,5,6,2,-1,2,6,7,-1,2,7,8,-1,4,9,2,-1,2,9,10,-1,2,10,11,-1,11,12,2,-1,2,12,13,-1,2,13,5,-1,14,15,7,-1,7,15,16,-1,7,16,8,-1,
        ]
    }
}
Shape{
    appearance Appearance {
        material  Material 	{
            diffuseColor 1.0 1.0 1.0
            specularColor 0.8784313725490196 0.8784313725490196 0.8784313725490196
            ambientIntensity 1.0
            transparency 0.0
            shininess 0.5
        }
    }
    geometry IndexedFaceSet {
        ccw TRUE
        solid FALSE
        coord DEF co Coordinate {
            point [
                -0.14 0.0154 0.0, -0.1387 0.011 0.0, -0.1532 0.0154 0.0, -0.1549 0.011 0.0, -0.1459 0.0318 0.0, -0.144 0.0394 0.0, -0.1292 0.0 0.0, -0.1349 0.0 0.0, -0.1463 0.0332 0.0, -0.1465 0.0346 0.0, -0.1493 0.0394 0.0, -0.1466 0.0346 0.0, -0.1469 0.0332 0.0, -0.1472 0.0318 0.0, -0.1647 0.0 0.0, -0.1589 0.0 0.0, -0.1493 0.0394 0.0039, -0.1647 0.0 0.0039, -0.144 0.0394 0.0039, -0.1292 0.0 0.0039, -0.1349 0.0 0.0039, -0.1387 0.011 0.0039, -0.1549 0.011 0.0039, -0.1589 0.0 0.0039, -0.14 0.0154 0.0039, -0.1532 0.0154 0.0039, -0.1472 0.0318 0.0039, -0.1466 0.0346 0.0039, -0.1469 0.0332 0.0039, -0.1465 0.0346 0.0039, -0.1459 0.0318 0.0039, -0.1463 0.0332 0.0039
            ]
        }
        coordIndex [
            0,1,2,-1,2,1,3,-1,4,5,0,-1,0,5,6,-1,0,6,1,-1,1,6,7,-1,4,8,5,-1,5,8,9,-1,5,9,10,-1,10,9,11,-1,10,11,12,-1,12,13,10,-1,10,13,2,-1,10,2,14,-1,14,2,3,-1,14,3,15,-1,10,14,16,-1,16,14,17,-1,5,10,18,-1,18,10,16,-1,6,5,19,-1,19,5,18,-1,7,6,20,-1,20,6,19,-1,1,7,21,-1,21,7,20,-1,3,1,22,-1,22,1,21,-1,15,3,23,-1,23,3,22,-1,14,15,17,-1,17,15,23,-1,0,2,24,-1,24,2,25,-1,2,13,25,-1,25,13,26,-1,11,27,28,-1,11,28,12,-1,12,28,26,-1,12,26,13,-1,11,9,27,-1,27,9,29,-1,4,30,31,-1,4,31,8,-1,8,31,29,-1,8,29,9,-1,4,0,30,-1,30,0,24,-1,
        ]
    }
}
Shape{
    appearance Appearance {
        material  Material 	{
            diffuseColor 0.25098039215686274 0.25098039215686274 0.25098039215686274
            specularColor 0.12549019607843137 0.12549019607843137 0.12549019607843137
            ambientIntensity 0.251
            transparency 0.0
            shininess 0.5
        }
    }
    geometry IndexedFaceSet {
        ccw TRUE
        solid FALSE
        coord DEF co Coordinate {
            point [
                -0.14 0.0154 0.0039, -0.1532 0.0154 0.0039, -0.1459 0.0318 0.0039, -0.1472 0.0318 0.0039, -0.1463 0.0332 0.0039, -0.1469 0.0332 0.0039, -0.1465 0.0346 0.0039, -0.1466 0.0346 0.0039
            ]
        }
        coordIndex [
            0,1,2,-1,2,1,3,-1,2,3,4,-1,4,3,5,-1,4,5,6,-1,6,5,7,-1,
        ]
    }
}